element,atomic_number,Etot,Etot/atomic_number^2,Ekin,Ekin/atomic_number^2,Ecoul,Ecoul/atomic_number^2,Eenuc,Eenuc/atomic_number^2,Exc,Exc/atomic_number^2,e_1s,e_1s/atomic_num^2,ENMAX(eV),EAUG(eV),EAUG/ENMAX,ZVAL,EATOM(eV),EATOM/atomic_num^2,EATOM/ZVAL,EATOM/ZVAL^2,FirstIonizationEnergy(eV),Electron affinity (eV),MendeleevNumber,AtomicWeight,CovalentRadius,Electronegativity(Pauling),Electronegativity(Rahm),NsValence,NpValence,NdValence,NfValence,NValence,NsUnfilled,NpUnfilled,NdUnfilled,NfUnfilled,NUnfilled,GSvolume_pa,GSbandgap,GSmagmom,frac s valence electrons,frac p valence electrons,frac d valence electrons,frac f valence electrons,valence_energy_avg,valence_energy_min,valence_energy_max,valence_energy_range,weighted_valence_energy,atom_radius,molar_vol,heat_fusion,melting_point,boiling_point,heat_cap,Thermal conductivity,electric_pol,GGAU_Etot,mus_fere,FERE correction,is_s,is_p,is_d,is_ds,is_f,Row_1,Row_2,Row_3,Row_4,Row_5,Row_6,Row_7,Column_1,Column_2,Column_3,Column_4,Column_5,Column_6,Column_7,Column_8,Column_9,Column_10,Column_11,Column_12,Column_13,Column_14,Column_15,Column_16,Column_17,Column_18,Column,Row,magnetic_electrons,magnetic_moment
H,1,-12.12732572,-12.12732572,11.56557386,11.56557386,7.696114738,7.696114738,-25.06165952,-25.06165952,-6.327327587,-6.327327587,-6.353069558,-6.353069558,700,1000,1.428571429,1,12.4943,12.4943,12.4943,12.4943,13.59792237,0.754197571,92,1.00794,31,2.2,13.6,1,0,0,0,1,1,0,0,0,1,6.615,7.853,0,1,0,0,0,-6.353069558,-6.353069558,-6.353069558,0,-6.353069558,25,11.42,558,14.01,20.28,26.64477586,0.1805,12.44444643,-4.027581151,-3.934404791,0.09317636,1,0,0,0,0,TRUE,FALSE,FALSE,FALSE,FALSE,FALSE,FALSE,TRUE,FALSE,FALSE,FALSE,FALSE,FALSE,FALSE,FALSE,FALSE,FALSE,FALSE,FALSE,FALSE,FALSE,FALSE,FALSE,FALSE,FALSE,1,1,1,1.73
D,1,-12.12732572,-12.12732572,11.56557386,11.56557386,7.696114738,7.696114738,-25.06165952,-25.06165952,-6.327327587,-6.327327587,-6.353069558,-6.353069558,700,1000,1.428571429,1,12.4943,12.4943,12.4943,12.4943,13.59792237,0.754197571,92,2.014101778,31,2.2,13.6,1,0,0,0,1,1,0,0,0,1,6.615,7.853,0,1,0,0,0,-6.353069558,-6.353069558,-6.353069558,0,-6.353069558,25,11.42,558,14.01,20.28,26.64477586,0.1805,12.44444643,-4.027581151,-3.934404791,0.09317636,1,0,0,0,0,TRUE,FALSE,FALSE,FALSE,FALSE,FALSE,FALSE,TRUE,FALSE,FALSE,FALSE,FALSE,FALSE,FALSE,FALSE,FALSE,FALSE,FALSE,FALSE,FALSE,FALSE,FALSE,FALSE,FALSE,FALSE,1,1,1,1.73
He,2,-77.13981734,-19.28495434,75.31899464,18.82974866,54.31719231,13.57929808,-180.2907811,-45.07269528,-26.48522319,-6.621305798,-15.522055,-3.88051375,478.896,1180.948,2.465980088,2,78.7251,39.36255,39.36255,19.681275,24.58715795,-0.497484965,98,4.002602,28,1.715102041,24.6,2,0,0,0,2,0,0,0,0,0,12.305,18.098,0,1,0,0,0,-15.522055,-15.522055,-15.522055,0,-15.522055,150.9770115,21,20,0.95,4.22,26.64477586,0.1513,12.44444643,-4.027581151,-3.934404791,0.09317636,0,1,0,0,0,TRUE,FALSE,FALSE,FALSE,FALSE,FALSE,FALSE,FALSE,FALSE,FALSE,FALSE,FALSE,FALSE,FALSE,FALSE,FALSE,FALSE,FALSE,FALSE,FALSE,FALSE,FALSE,FALSE,FALSE,TRUE,18,1,0,0
Li,3,-199.6008243,-22.17786937,196.9419726,21.8824414,108.5939757,12.0659973,-460.1728685,-51.13031872,-44.96390415,-4.99598935,-51.11833059,-5.67981451,271.649,428.394,1.577012984,3,202.7858,67.59526667,67.59526667,22.53175556,5.391493305,0.618048373,1,6.941,128,0.98,5.4,1,0,0,0,1,1,0,0,0,1,16.59333333,0,0,1,0,0,0,-2.871889704,-2.871889704,-2.871889704,0,-2.871889704,145,13.02,3000,453.69,1615,24.86,85,24.33,-1.86,-1.652959195,0.207040805,1,0,0,0,0,FALSE,TRUE,FALSE,FALSE,FALSE,FALSE,FALSE,TRUE,FALSE,FALSE,FALSE,FALSE,FALSE,FALSE,FALSE,FALSE,FALSE,FALSE,FALSE,FALSE,FALSE,FALSE,FALSE,FALSE,FALSE,1,2,1,1.73
Be,4,-393.1285843,-24.57053652,389.3792634,24.33620396,193.6160065,12.10100041,-907.6911362,-56.73069601,-68.43271797,-4.277044873,-104.9382892,-6.558643075,308.75,531.926,1.722837247,4,398.0824,99.5206,99.5206,24.88015,9.659499731,-0.497484965,67,9.012182,96,1.57,9.3,2,0,0,0,2,0,0,0,0,0,7.89,0,0,1,0,0,0,-5.598579452,-5.598579452,-5.598579452,0,-5.598579452,105,4.85,7950,1560,2742,16.443,190,5.6,-3.75,-3.397209262,0.352790738,1,0,0,0,0,FALSE,TRUE,FALSE,FALSE,FALSE,FALSE,FALSE,FALSE,TRUE,FALSE,FALSE,FALSE,FALSE,FALSE,FALSE,FALSE,FALSE,FALSE,FALSE,FALSE,FALSE,FALSE,FALSE,FALSE,FALSE,2,2,0,0
B,5,-662.4393746,-26.49757498,657.455582,26.29822328,313.0126304,12.52050522,-1537.023914,-61.48095656,-95.88367326,-3.83534693,-178.6249817,-7.144999268,269.245,535.514,1.98894687,3,71.1703,14.23406,23.72343333,7.907811111,8.29763464,0.279721286,72,10.811,84,2.04,11.4,2,1,0,0,3,0,5,0,0,5,7.1725,1.524,0,0.666666667,0.333333333,0,0,-6.548474523,-9.37979205,-3.717156995,5.662635055,-7.492247032,85,4.39,50000,2349,4200,11.087,27,12.44444643,-4.027581151,-3.934404791,0.09317636,0,1,0,0,0,FALSE,TRUE,FALSE,FALSE,FALSE,FALSE,FALSE,FALSE,FALSE,FALSE,FALSE,FALSE,FALSE,FALSE,FALSE,FALSE,FALSE,FALSE,FALSE,TRUE,FALSE,FALSE,FALSE,FALSE,FALSE,13,2,1,1.73
C,6,-1018.406512,-28.28906978,1012.002094,28.11116928,479.6822351,13.32450653,-2381.415678,-66.1504355,-128.6751352,-3.574309311,-270.6911968,-7.519199911,273.901,439.243,1.603656066,4,147.152,24.52533333,36.788,9.197,11.26077946,1.262122465,77,12.0107,76,2.55,13.9,2,2,0,0,4,0,4,0,0,4,5.64,4.496,0,0.5,0.5,0,0,-9.524692681,-13.62925818,-5.420127181,8.209130999,-9.524692681,70,5.29,12779.02174,3800,4300,6.115,140,12.44444643,-4.027581151,-3.934404791,0.09317636,0,1,0,0,0,FALSE,TRUE,FALSE,FALSE,FALSE,FALSE,FALSE,FALSE,FALSE,FALSE,FALSE,FALSE,FALSE,FALSE,FALSE,FALSE,FALSE,FALSE,FALSE,FALSE,TRUE,FALSE,FALSE,FALSE,FALSE,14,2,2,2.83
N,7,-1470.095577,-30.00195055,1462.114777,29.83907708,702.0495474,14.32754178,-3467.172221,-70.75861676,-167.0876804,-3.409952661,-381.2723656,-7.781068686,279.68,384.743,1.375654319,5,264.5103,37.78718571,52.90206,10.580412,14.53381596,-0.070477037,82,14.0067,71,3.04,16.9,2,3,0,0,5,0,3,0,0,3,14.76875,6.437,0,0.4,0.6,0,0,-12.82265827,-18.39900602,-7.246310523,11.1526955,-11.70738872,65,13.54,360,63.05,77.36,29.124,0.02583,1.1,-8.31,-8.51,-0.2,0,1,0,0,0,FALSE,TRUE,FALSE,FALSE,FALSE,FALSE,FALSE,FALSE,FALSE,FALSE,FALSE,FALSE,FALSE,FALSE,FALSE,FALSE,FALSE,FALSE,FALSE,FALSE,FALSE,TRUE,FALSE,FALSE,FALSE,15,2,3,3.87
O,8,-2026.515663,-31.66430723,2016.823076,31.51286056,988.6196493,15.44718202,-4820.567224,-75.32136288,-211.3911642,-3.302986941,-510.43785,-7.975591406,282.841,412.352,1.457893304,6,432.2909,54.0363625,72.04848333,12.00808056,13.61761448,1.46111303,87,15.9994,66,3.44,18.6,2,4,0,0,6,0,2,0,0,2,9.105,0,0,0.333333333,0.666666667,0,0,-16.45939201,-23.71096794,-9.207816089,14.50315185,-14.04220004,60,17.36,222,54.8,90.2,29.378,0.02658,0.802,-4.99,-4.76,0.23,0,1,0,0,0,FALSE,TRUE,FALSE,FALSE,FALSE,FALSE,FALSE,FALSE,FALSE,FALSE,FALSE,FALSE,FALSE,FALSE,FALSE,FALSE,FALSE,FALSE,FALSE,FALSE,FALSE,FALSE,TRUE,FALSE,FALSE,16,2,2,2.83
F,9,-2696.638799,-33.29183702,2685.114314,33.14955943,1347.926494,16.64106783,-6467.842995,-79.84991352,-261.8366389,-3.232551098,-658.2268616,-8.126257551,289.825,475.024,1.639002847,7,659.4942,73.27713333,94.21345714,13.45906531,17.42233803,3.40118966,93,18.9984032,57,3.98,23.3,2,5,0,0,7,0,1,0,0,1,9.7075,1.97,0,0.285714286,0.714285714,0,0,-20.44207772,-29.57494004,-11.30921539,18.26572465,-16.52799386,50,11.2,260,53.53,85.03,31.304,0.0277,0.557,-1.86,-1.703786777,0.156213223,0,1,0,0,0,FALSE,TRUE,FALSE,FALSE,FALSE,FALSE,FALSE,FALSE,FALSE,FALSE,FALSE,FALSE,FALSE,FALSE,FALSE,FALSE,FALSE,FALSE,FALSE,FALSE,FALSE,FALSE,FALSE,TRUE,FALSE,17,2,1,1.73
Ne,10,-3489.410781,-34.89410781,3475.946206,34.75946206,1788.508852,17.88508852,-8435.208805,-84.35208805,-318.6570338,-3.186570338,-824.6643259,-8.246643259,343.606,589.427,1.71541533,8,955.3367,95.53367,119.4170875,14.92713594,21.56493679,-1.202255331,99,20.1791,58,1.715102041,28.3,2,6,0,0,8,0,0,0,0,0,12.64,13.088,0,0.25,0.75,0,0,-24.77383109,-35.99546663,-13.55219554,22.44327109,-19.16301331,150.9770115,13.23,340,24.56,27.07,26.64477586,0.0491,12.44444643,-4.027581151,-3.934404791,0.09317636,0,1,0,0,0,FALSE,TRUE,FALSE,FALSE,FALSE,FALSE,FALSE,FALSE,FALSE,FALSE,FALSE,FALSE,FALSE,FALSE,FALSE,FALSE,FALSE,FALSE,FALSE,FALSE,FALSE,FALSE,FALSE,FALSE,TRUE,18,2,0,0
Na,11,-4393.007828,-36.30584982,4378.218739,36.18362594,2169.631772,17.93084109,-10572.8854,-87.37921818,-367.9729638,-3.041098874,-1026.412809,-8.482750488,700,1000,1.428571429,9,1307.8686,118.8971455,145.3187333,16.14652593,5.138605114,0.547927867,2,22.98976928,166,0.93,5.1,1,0,0,0,1,1,0,0,0,1,29.24333333,0,0,1,0,0,0,-2.814065509,-2.814065509,-2.814065509,0,-2.814065509,180,23.78,2600,370.87,1156,28.23,140,24.11,-1.23,-1.064032623,0.165967377,1,0,0,0,0,FALSE,FALSE,TRUE,FALSE,FALSE,FALSE,FALSE,TRUE,FALSE,FALSE,FALSE,FALSE,FALSE,FALSE,FALSE,FALSE,FALSE,FALSE,FALSE,FALSE,FALSE,FALSE,FALSE,FALSE,FALSE,1,3,1,1.73
Mg,12,-5418.859293,-37.63096731,5402.589578,37.51798318,2603.402848,18.07918644,-13004.29833,-90.30762729,-420.5533622,-2.92050946,-1250.993604,-8.687455583,265.574,458.128,1.725048386,8,1056.57,88.0475,132.07125,16.50890625,7.645722051,-0.414570804,68,24.305,141,1.31,7.6,2,0,0,0,2,0,0,0,0,0,22.89,0,0,1,0,0,0,-4.773611855,-4.773611855,-4.773611855,0,-4.773611855,150,14,8700,923,1363,24.869,160,10.6,-1.54,-0.99,0.55,1,0,0,0,0,FALSE,FALSE,TRUE,FALSE,FALSE,FALSE,FALSE,FALSE,TRUE,FALSE,FALSE,FALSE,FALSE,FALSE,FALSE,FALSE,FALSE,FALSE,FALSE,FALSE,FALSE,FALSE,FALSE,FALSE,FALSE,2,3,0,0
Al,13,-6566.531264,-38.85521458,6548.787154,38.75021985,3065.926834,18.1415789,-15706.5688,-92.93827692,-474.6764557,-2.808736424,-1500.872417,-8.880901876,294.838,375.967,1.275164667,3,53.5387,4.118361538,17.84623333,5.948744444,5.985365981,0.432832648,73,26.9815386,121,1.61,9.1,2,1,0,0,3,0,5,0,0,5,16.48,0,0,0.666666667,0.333333333,0,0,-5.298437862,-7.80648412,-2.790391603,5.016092517,-6.134453281,125,10,10700,933.47,2792,24.2,235,6.8,-3.74,-3.02,0.72,0,1,0,0,0,FALSE,FALSE,TRUE,FALSE,FALSE,FALSE,FALSE,FALSE,FALSE,FALSE,FALSE,FALSE,FALSE,FALSE,FALSE,FALSE,FALSE,FALSE,FALSE,TRUE,FALSE,FALSE,FALSE,FALSE,FALSE,13,3,1,1.73
Si,14,-7842.277896,-40.01162192,7822.939934,39.91295885,3585.584882,18.29380042,-18718.73097,-95.50372944,-532.0717456,-2.714651763,-1773.758593,-9.04978874,380.146,472.845,1.243851047,4,103.0669,7.361921429,25.766725,6.44168125,8.151498431,1.389521109,78,28.0855,111,1.9,10.8,2,2,0,0,4,0,4,0,0,4,20.44,0.773,0,0.5,0.5,0,0,-7.502614571,-10.83391411,-4.171315032,6.662599078,-7.502614571,110,12.06,50200,1687,3173,19.789,150,5.53,-5.42,-4.992774812,0.427225188,0,1,0,0,0,FALSE,FALSE,TRUE,FALSE,FALSE,FALSE,FALSE,FALSE,FALSE,FALSE,FALSE,FALSE,FALSE,FALSE,FALSE,FALSE,FALSE,FALSE,FALSE,FALSE,TRUE,FALSE,FALSE,FALSE,FALSE,14,3,2,2.83
P,15,-9250.407868,-41.11292386,9229.379997,41.01946665,4165.111026,18.51160456,-22052.11013,-98.00937836,-592.7887566,-2.634616696,-2069.749658,-9.198887369,390.202,503.462,1.290259917,5,176.043,11.7362,35.2086,7.04172,10.48656848,0.746610925,83,30.973762,107,2.19,12.8,2,3,0,0,5,0,3,0,0,3,22.5702381,1.625,0,0.4,0.6,0,0,-9.774928589,-13.9421347,-5.607722478,8.334412222,-8.941487367,100,17.02,640,317.3,550,23.824,0.236,3.63,-4.96,-5.64,-0.68,0,1,0,0,0,FALSE,FALSE,TRUE,FALSE,FALSE,FALSE,FALSE,FALSE,FALSE,FALSE,FALSE,FALSE,FALSE,FALSE,FALSE,FALSE,FALSE,FALSE,FALSE,FALSE,FALSE,TRUE,FALSE,FALSE,FALSE,15,3,3,3.87
S,16,-10795.19451,-42.16872855,10772.39306,42.07966039,4807.924052,18.78095333,-25718.60103,-100.4632853,-656.9105924,-2.566057002,-2388.885884,-9.331585484,402.436,491.964,1.222465187,6,276.823,17.3014375,46.13716667,7.689527778,10.36012439,2.077104407,88,32.065,105,2.58,13.6,2,4,0,0,6,0,2,0,0,2,25.786875,2.202,0,0.333333333,0.666666667,0,0,-12.14427841,-17.16799012,-7.120566707,10.04742341,-10.46970784,100,15.53,1730,388.36,717.87,22.75,0.205,2.9,-4.06,-4,0.06,0,1,0,0,0,FALSE,FALSE,TRUE,FALSE,FALSE,FALSE,FALSE,FALSE,FALSE,FALSE,FALSE,FALSE,FALSE,FALSE,FALSE,FALSE,FALSE,FALSE,FALSE,FALSE,FALSE,FALSE,TRUE,FALSE,FALSE,16,3,2,2.83
Cl,17,-12480.88813,-43.18646412,12456.23772,43.10116858,5517.716382,19.09244423,-29730.31687,-102.8730688,-724.5253633,-2.507008178,-2731.185858,-9.450470097,409.136,522.941,1.278159341,7,409.7259,24.10152353,58.53227143,8.361753061,12.96777475,3.612725449,94,35.453,102,3.16,16.3,2,5,0,0,7,0,1,0,0,1,24.4975,2.493,0,0.285714286,0.714285714,0,0,-14.62391598,-20.52984804,-8.717983925,11.81186412,-12.09280224,100,17.39,3200,171.6,239.11,33.949,0.0089,2.18,-1.79,-1.626243714,0.163756286,0,1,0,0,0,FALSE,FALSE,TRUE,FALSE,FALSE,FALSE,FALSE,FALSE,FALSE,FALSE,FALSE,FALSE,FALSE,FALSE,FALSE,FALSE,FALSE,FALSE,FALSE,FALSE,FALSE,FALSE,FALSE,TRUE,FALSE,17,3,1,1.73
Ar,18,-14311.72506,-44.17199093,14285.15632,44.08998864,6298.296412,19.43918646,-34099.45838,-105.2452419,-795.7194111,-2.455924108,-3096.659401,-9.557590744,266.393,482.93,1.812847935,8,578.8739,32.15966111,72.3592375,9.044904688,15.75990911,-0.994969929,100,39.948,106,1.715102041,19.1,2,6,0,0,8,0,0,0,0,0,28.54,9.26,0,0.25,0.75,0,0,-17.22091627,-24.03810323,-10.4037293,13.63437393,-13.81232278,150.9770115,22.56,1180,83.8,87.3,26.64477586,0.01772,12.44444643,-4.027581151,-3.934404791,0.09317636,0,1,0,0,0,FALSE,FALSE,TRUE,FALSE,FALSE,FALSE,FALSE,FALSE,FALSE,FALSE,FALSE,FALSE,FALSE,FALSE,FALSE,FALSE,FALSE,FALSE,FALSE,FALSE,FALSE,FALSE,FALSE,FALSE,TRUE,18,3,0,0
K,19,-16277.86731,-45.09104518,16249.88148,45.01352211,7003.708062,19.40085336,-38670.21297,-107.1197035,-861.243885,-2.385717133,-3494.348995,-9.679637105,259.216,427.853,1.650565552,9,774.7423,40.77591053,86.08247778,9.564719753,4.340556317,0.50145448,3,39.0983,203,0.82,4.3,1,0,0,0,1,1,0,0,0,1,73.10666667,0,0,1,0,0,0,-2.416779269,-2.416779269,-2.416779269,0,-2.416779269,220,45.94,2330,336.53,1032,29.6,100,43.06,-1.08,-0.804992028,0.275007972,1,0,0,0,0,FALSE,FALSE,FALSE,TRUE,FALSE,FALSE,FALSE,TRUE,FALSE,FALSE,FALSE,FALSE,FALSE,FALSE,FALSE,FALSE,FALSE,FALSE,FALSE,FALSE,FALSE,FALSE,FALSE,FALSE,FALSE,1,4,1,1.73
Ca,20,-18387.88427,-45.96971068,18358.3613,45.89590325,7760.854163,19.40213541,-43578.03394,-108.9450849,-929.0657889,-2.322664472,-3916.675805,-9.791689513,266.586,420.852,1.578672548,10,1005.7249,50.286245,100.57249,10.057249,6.112846503,0.02456332,7,40.078,176,1,6.1,2,0,0,0,2,0,0,0,0,0,37.77,0,0,1,0,0,0,-3.84798934,-3.84798934,-3.84798934,0,-3.84798934,180,26.2,8540,1115,1757,25.929,200,22.8,-1.93,-1.64,0.29,1,0,0,0,0,FALSE,FALSE,FALSE,TRUE,FALSE,FALSE,FALSE,FALSE,TRUE,FALSE,FALSE,FALSE,FALSE,FALSE,FALSE,FALSE,FALSE,FALSE,FALSE,FALSE,FALSE,FALSE,FALSE,FALSE,FALSE,2,4,0,0
Sc,21,-20644.71479,-46.81341222,20613.31081,46.74220138,8668.343881,19.65610857,-48922.09446,-110.9344546,-1004.275013,-2.277267603,-4358.83166,-9.883972018,222.664,443.063,1.989827722,11,1272.8233,60.61063333,115.7112091,10.51920083,6.561619399,0.179380641,11,44.955912,170,1.36,7,2,0,1,0,3,0,0,9,0,9,22.235,0,6.35E-06,0.666666667,0,0.333333333,0,-3.912425903,-4.257983297,-3.566868509,0.691114788,-4.027611701,160,15,16000,1814,3103,25.52,16,17.8,-5.12,-4.63024222,0.48975778,0,0,1,0,0,FALSE,FALSE,FALSE,TRUE,FALSE,FALSE,FALSE,FALSE,FALSE,TRUE,FALSE,FALSE,FALSE,FALSE,FALSE,FALSE,FALSE,FALSE,FALSE,FALSE,FALSE,FALSE,FALSE,FALSE,FALSE,3,4,1,1.73
Ti,22,-23055.58758,-47.63551153,23022.20784,47.56654512,9666.364819,19.97182814,-54660.62311,-112.9351717,-1083.537155,-2.23871313,-4823.943205,-9.966824804,274.574,482.848,1.75853504,12,1587.5048,72.15930909,132.2920667,11.02433889,6.82798114,0.075545165,43,47.867,160,1.54,8.4,2,0,2,0,4,0,0,8,0,8,16.69,0,2.25E-05,0.5,0,0.5,0,-4.586696843,-4.626207776,-4.54718591,0.079021866,-4.586696843,140,10.64,18700,1941,3560,25.06,22,14.6,-5.57,-5.51678426,0.05321574,0,0,1,0,0,FALSE,FALSE,FALSE,TRUE,FALSE,FALSE,FALSE,FALSE,FALSE,FALSE,TRUE,FALSE,FALSE,FALSE,FALSE,FALSE,FALSE,FALSE,FALSE,FALSE,FALSE,FALSE,FALSE,FALSE,FALSE,4,4,2,2.83
V,23,-25624.38838,-48.4392975,25588.96331,48.3723314,10752.93204,20.32690367,-60799.68233,-114.9332369,-1166.601408,-2.205295667,-5312.316049,-10.04218535,263.675,526.568,1.997034228,13,1951.3925,84.84315217,150.1071154,11.54670118,6.746103406,0.527655355,46,50.9415,153,1.63,9.7,2,0,3,0,5,0,0,7,0,7,13.01,0,0,0.4,0,0.6,0,-5.178354014,-5.568374813,-4.788333215,0.780041598,-5.256358174,135,8.32,22800,2183,3680,24.89,31,12.4,-5.97,-6.421972588,-0.451972588,0,0,1,0,0,FALSE,FALSE,FALSE,TRUE,FALSE,FALSE,FALSE,FALSE,FALSE,FALSE,FALSE,TRUE,FALSE,FALSE,FALSE,FALSE,FALSE,FALSE,FALSE,FALSE,FALSE,FALSE,FALSE,FALSE,FALSE,5,4,3,3.87
Cr,24,-28355.08729,-49.2275821,28317.33089,49.1620328,12023.84046,20.87472302,-67438.12931,-117.0800856,-1258.129328,-2.184252306,-5820.003699,-10.10417309,265.683,519.424,1.955051697,12,1647.5667,68.6486125,137.297225,11.44143542,6.766831946,0.675928676,49,51.9961,139,1.66,8,1,0,5,0,6,1,0,5,0,6,11.19,0,0,0.166666667,0,0.833333333,0,-3.654053791,-4.093817004,-3.214290578,0.879526426,-3.360878316,140,7.23,20500,2180,2944,23.35,94,11.6,-7.29,-7.222414675,0.067585325,0,0,1,0,0,FALSE,FALSE,FALSE,TRUE,FALSE,FALSE,FALSE,FALSE,FALSE,FALSE,FALSE,FALSE,TRUE,FALSE,FALSE,FALSE,FALSE,FALSE,FALSE,FALSE,FALSE,FALSE,FALSE,FALSE,FALSE,6,4,6,6.7
Mn,25,-31250.89945,-50.00143912,31211.2115,49.9379384,13199.8396,21.11974336,-74317.94195,-118.9087071,-1344.008626,-2.150413802,-6359.216937,-10.1747471,269.865,569.085,2.108776611,13,2024.8347,80.993388,155.7565154,11.98127041,7.434290941,-0.518213505,52,54.938045,139,1.55,12.3,2,0,5,0,7,0,0,5,0,5,10.48758621,0,0.000310121,0.285714286,0,0.714285714,0,-6.226999206,-7.25292289,-5.201075522,2.051847368,-6.666680785,140,7.35,13200,1519,2334,26.32,7.8,9.4,-6.97,-6.996577826,-0.026577826,0,0,1,0,0,FALSE,FALSE,FALSE,TRUE,FALSE,FALSE,FALSE,FALSE,FALSE,FALSE,FALSE,FALSE,FALSE,TRUE,FALSE,FALSE,FALSE,FALSE,FALSE,FALSE,FALSE,FALSE,FALSE,FALSE,FALSE,7,4,5,5.92
Fe,26,-34316.09024,-50.7634471,34274.19485,50.70147167,14566.14164,21.5475468,-81718.0374,-120.8846707,-1438.389333,-2.127794871,-6917.82841,-10.23347398,267.883,511.368,1.908922925,8,594.4687,22.86418077,74.3085875,9.288573438,7.902755949,0.153235733,55,55.845,132,1.83,10,2,0,6,0,8,0,0,4,0,4,10.73,0,2.1106628,0.25,0,0.75,0,-6.707974063,-8.0286923,-5.387255826,2.641436474,-7.368333182,140,7.09,13800,1811,3134,25.1,80,8.4,-6,-6.152134316,-0.152134316,0,0,1,0,0,FALSE,FALSE,FALSE,TRUE,FALSE,FALSE,FALSE,FALSE,FALSE,FALSE,FALSE,FALSE,FALSE,FALSE,TRUE,FALSE,FALSE,FALSE,FALSE,FALSE,FALSE,FALSE,FALSE,FALSE,FALSE,8,4,4,4.9
Co,27,-37554.19644,-51.51467276,37510.04746,51.45411174,16032.1111,21.99192195,-89559.75237,-122.8528839,-1536.602654,-2.107822571,-7499.91082,-10.28794351,267.969,477.818,1.78310924,9,813.5563,30.13171481,90.39514444,10.04390494,7.880990982,0.662255094,58,58.933195,126,1.88,11.9,2,0,7,0,9,0,0,3,0,3,10.245,0,1.5484712,0.222222222,0,0.777777778,0,-7.168363507,-8.772080161,-5.564646853,3.207433308,-8.059317204,135,6.67,16200,1768,3200,24.81,100,7.5,-4.65,-4.754348626,-0.104348626,0,0,1,0,0,FALSE,FALSE,FALSE,TRUE,FALSE,FALSE,FALSE,FALSE,FALSE,FALSE,FALSE,FALSE,FALSE,FALSE,FALSE,TRUE,FALSE,FALSE,FALSE,FALSE,FALSE,FALSE,FALSE,FALSE,FALSE,9,4,3,3.87
Ni,28,-40968.92426,-52.25628094,40922.4781,52.19703839,17601.23082,22.45054952,-97853.94212,-124.8137017,-1638.691068,-2.090167179,-8105.478043,-10.33861995,269.533,544.565,2.020401954,10,1077.9025,38.49651786,107.79025,10.779025,7.639503489,1.157170756,61,58.6934,124,1.91,12.9,2,0,8,0,10,0,0,2,0,2,10.32,0,0.5953947,0.2,0,0.8,0,-7.611881892,-9.488583173,-5.735180611,3.753402562,-8.737902661,135,6.59,17200,1728,3186,26.07,91,6.8,-3.65,-3.568785947,0.081214053,0,0,1,0,0,FALSE,FALSE,FALSE,TRUE,FALSE,FALSE,FALSE,FALSE,FALSE,FALSE,FALSE,FALSE,FALSE,FALSE,FALSE,FALSE,TRUE,FALSE,FALSE,FALSE,FALSE,FALSE,FALSE,FALSE,FALSE,10,4,2,2.83
Cu,29,-44566.42365,-52.99218032,44517.35986,52.9338405,19426.98354,23.09986152,-106759.2312,-126.9432,-1751.53587,-2.082682366,-8729.100321,-10.37942963,273.214,516.456,1.890298447,11,1390.98,47.96482759,126.4527273,11.49570248,7.726563357,1.235783745,64,63.546,132,1.9,10.2,1,0,10,0,11,1,0,0,0,1,11.07,0,0,0.090909091,0,0.909090909,0,-5.092991896,-5.504101519,-4.681882272,0.822219247,-5.429354315,135,7.11,13100,1357.77,3200,24.44,400,6.2,-2.03,-1.972580652,0.057419348,0,0,0,1,0,FALSE,FALSE,FALSE,TRUE,FALSE,FALSE,FALSE,FALSE,FALSE,FALSE,FALSE,FALSE,FALSE,FALSE,FALSE,FALSE,FALSE,TRUE,FALSE,FALSE,FALSE,FALSE,FALSE,FALSE,FALSE,11,4,1,1.73
Zn,30,-48343.03723,-53.71448581,48291.87424,53.65763804,21063.151,23.40350111,-115843.3909,-128.7148788,-1854.671541,-2.060746157,-9387.105274,-10.43011697,276.727,575.892,2.081083523,12,1749.0928,58.30309333,145.7577333,12.14647778,9.394174416,-0.601127666,69,65.38,122,1.65,15.9,2,0,10,0,12,0,0,0,0,0,13.96,0,0,0.166666667,0,0.833333333,0,-8.458237636,-10.85581927,-6.060656002,4.795163268,-10.05662539,135,9.16,7350,692.68,1180,25.39,120,5.75,-1.27,-0.84,0.43,0,0,0,1,0,FALSE,FALSE,FALSE,TRUE,FALSE,FALSE,FALSE,FALSE,FALSE,FALSE,FALSE,FALSE,FALSE,FALSE,FALSE,FALSE,FALSE,FALSE,TRUE,FALSE,FALSE,FALSE,FALSE,FALSE,FALSE,12,4,0,0
Ga,31,-52296.10622,-54.41842479,52242.99849,54.3631618,22687.62874,23.60835457,-125269.7071,-130.3534933,-1957.026382,-2.036447848,-10072.85623,-10.4816402,404.601,751.807,1.858144196,13,2148.8281,69.31703548,165.2944692,12.71495917,5.998839532,0.301165997,74,69.723,122,1.81,9.9,2,1,10,0,13,0,5,0,0,5,18.8575,0,0,0.153846154,0.076923077,0.769230769,0,-5.845726868,-8.925851705,-2.76560203,6.160249675,-6.872435147,130,11.8,5590,302.91,2477,25.86,29,8.12,-3.03,-2.37,0.66,0,1,0,0,0,FALSE,FALSE,FALSE,TRUE,FALSE,FALSE,FALSE,FALSE,FALSE,FALSE,FALSE,FALSE,FALSE,FALSE,FALSE,FALSE,FALSE,FALSE,FALSE,TRUE,FALSE,FALSE,FALSE,FALSE,FALSE,13,4,1,1.73
Ge,32,-56431.17231,-55.10856671,56376.06275,55.05474878,24379.92281,23.80851837,-135126.014,-131.958998,-2061.143866,-2.012835807,-10783.68164,-10.5309391,410.425,731.744,1.782893342,14,2596.2401,81.13250313,185.4457214,13.24612296,7.897573814,1.232676537,79,72.64,120,2.01,11.1,2,2,10,0,14,0,4,0,0,4,23.005,0.383,0,0.142857143,0.142857143,0.714285714,0,-7.842389547,-11.6062821,-4.078496993,7.527785107,-7.842389547,125,13.63,31800,1211.4,3093,23.22,60,5.84,-4.29,-4.137439287,0.152560713,0,1,0,0,0,FALSE,FALSE,FALSE,TRUE,FALSE,FALSE,FALSE,FALSE,FALSE,FALSE,FALSE,FALSE,FALSE,FALSE,FALSE,FALSE,FALSE,FALSE,FALSE,FALSE,TRUE,FALSE,FALSE,FALSE,FALSE,14,4,2,2.83
As,33,-60750.37159,-55.78546519,60693.2159,55.73298062,26142.42903,24.00590361,-145418.8114,-133.5342621,-2167.20517,-1.990087392,-11519.57731,-10.57812425,208.68,462.758,2.217548399,5,170.0753,5.15379697,34.01506,6.803012,9.814963782,0.804486046,84,74.9216,119,2.18,12.5,2,3,10,0,15,0,3,0,0,3,22.175,0,0,0.133333333,0.2,0.666666667,0,-9.811976894,-14.24978664,-5.374167149,8.875619491,-8.924414945,115,12.95,27700,1090,887,24.64,50,4.31,-4.65,-5.06,-0.41,0,1,0,0,0,FALSE,FALSE,FALSE,TRUE,FALSE,FALSE,FALSE,FALSE,FALSE,FALSE,FALSE,FALSE,FALSE,FALSE,FALSE,FALSE,FALSE,FALSE,FALSE,FALSE,FALSE,TRUE,FALSE,FALSE,FALSE,15,4,3,3.87
Se,34,-65255.93665,-56.44977219,65196.69385,56.39852409,27978.54921,24.20289724,-156155.8034,-135.0828749,-2275.376335,-1.968318629,-12280.50563,-10.62327477,211.534,446.842,2.112388552,6,256.9644,7.557776471,42.8274,7.1379,9.752778161,2.020604625,89,78.96,120,2.55,13.2,2,4,10,0,16,0,2,0,0,2,25.92,0.799,0,0.125,0.25,0.625,0,-11.79687064,-16.90501928,-6.688722008,10.21629727,-10.09415443,115,16.42,5400,494,958,25.363,0.52,3.77,-3.48,-3.55,-0.07,0,1,0,0,0,FALSE,FALSE,FALSE,TRUE,FALSE,FALSE,FALSE,FALSE,FALSE,FALSE,FALSE,FALSE,FALSE,FALSE,FALSE,FALSE,FALSE,FALSE,FALSE,FALSE,FALSE,FALSE,TRUE,FALSE,FALSE,16,4,2,2.83
Br,35,-69950.15276,-57.10216552,69888.78365,57.05206829,29891.4984,24.40122318,-167344.6516,-136.6078789,-2385.783242,-1.947578157,-13066.43537,-10.66647785,216.264,503.852,2.329800614,7,368.2131,10.52037429,52.60187143,7.514553061,11.81423148,3.363588088,95,79.904,120,2.96,15.2,2,5,10,0,17,0,1,0,0,1,29.48,1.457,0,0.117647059,0.294117647,0.588235294,0,-13.8152208,-19.59399405,-8.036447546,11.5575465,-11.33860369,115,19.78,5800,265.8,332,75.69,0.12,3.05,-4.027581151,-3.934404791,0.09317636,0,1,0,0,0,FALSE,FALSE,FALSE,TRUE,FALSE,FALSE,FALSE,FALSE,FALSE,FALSE,FALSE,FALSE,FALSE,FALSE,FALSE,FALSE,FALSE,FALSE,FALSE,FALSE,FALSE,FALSE,FALSE,TRUE,FALSE,17,4,1,1.73
Kr,36,-74835.33783,-57.74331623,74771.80474,57.69429378,31884.22585,24.60202612,-178992.8459,-138.1117638,-2498.522519,-1.927872314,-13877.34409,-10.70782723,185.26,334.95,1.807999568,8,506.4072,14.06686667,63.3009,7.9126125,14.00005605,-0.994969929,101,83.798,116,3,17.4,2,6,10,0,18,0,0,0,0,0,36.06,7.535,0,0.111111111,0.333333333,0.555555556,0,-15.87667379,-22.32895606,-9.424391512,12.90456455,-12.65053265,150.9770115,27.99,1640,115.79,119.93,26.64477586,0.00943,12.44444643,-4.027581151,-3.934404791,0.09317636,0,1,0,0,0,FALSE,FALSE,FALSE,TRUE,FALSE,FALSE,FALSE,FALSE,FALSE,FALSE,FALSE,FALSE,FALSE,FALSE,FALSE,FALSE,FALSE,FALSE,FALSE,FALSE,FALSE,FALSE,FALSE,FALSE,TRUE,18,4,0,0
Rb,37,-79901.80823,-58.36509001,79836.58692,58.31744844,33719.50258,24.63075426,-190852.2154,-139.4099455,-2605.682373,-1.903347241,-14720.193,-10.75251497,220.022,423.861,1.926448264,9,662.0594,17.8934973,73.56215556,8.17357284,4.176800849,0.485918439,4,85.4678,220,0.82,4.2,1,0,0,0,1,1,0,0,0,1,90.7225,0,0,1,0,0,0,-2.323172101,-2.323172101,-2.323172101,0,-2.323172101,235,55.76,2190,312.46,961,31.06,58,47.24,-0.96,-0.675056048,0.284943952,1,0,0,0,0,FALSE,FALSE,FALSE,FALSE,TRUE,FALSE,FALSE,TRUE,FALSE,FALSE,FALSE,FALSE,FALSE,FALSE,FALSE,FALSE,FALSE,FALSE,FALSE,FALSE,FALSE,FALSE,FALSE,FALSE,FALSE,1,5,1,1.73
Sr,38,-85156.7587,-58.97282458,85089.75189,58.92642098,35618.46299,24.66652562,-203150.4631,-140.6859163,-2714.51053,-1.879854938,-15588.59144,-10.79542343,229.282,366.804,1.59979414,10,842.4562,22.1699,84.24562,8.424562,5.695166418,0.052059729,8,87.62,195,0.95,5.7,2,0,0,0,2,0,0,0,0,0,54.23,0,0,1,0,0,0,-3.586270228,-3.586270228,-3.586270228,0,-3.586270228,200,33.94,8000,1050,1655,26.4,35,27.6,-1.68,-1.167455919,0.512544081,1,0,0,0,0,FALSE,FALSE,FALSE,FALSE,TRUE,FALSE,FALSE,FALSE,TRUE,FALSE,FALSE,FALSE,FALSE,FALSE,FALSE,FALSE,FALSE,FALSE,FALSE,FALSE,FALSE,FALSE,FALSE,FALSE,FALSE,2,5,0,0
Y,39,-90600.87117,-59.56664771,90531.85357,59.52127125,37676.98847,24.77119558,-215981.8797,-141.9999209,-2827.83349,-1.859193616,-16480.08576,-10.83503337,211.641,363.258,1.716387656,11,1046.2256,26.82629744,95.11141818,8.646492562,6.218562058,0.311290852,12,88.90585,190,1.22,6.3,2,0,1,0,3,0,0,9,0,9,32.365,0,0,0.666666667,0,0.333333333,0,-3.529561699,-4.101490615,-2.957632782,1.143857833,-3.720204671,180,19.88,11400,1799,3609,26.53,17,22.7,-5.48,-4.812621316,0.667378684,0,0,1,0,0,FALSE,FALSE,FALSE,FALSE,TRUE,FALSE,FALSE,FALSE,FALSE,TRUE,FALSE,FALSE,FALSE,FALSE,FALSE,FALSE,FALSE,FALSE,FALSE,FALSE,FALSE,FALSE,FALSE,FALSE,FALSE,3,5,1,1.73
Zr,40,-96239.53699,-60.14971062,96168.41892,60.10526183,39843.89424,24.9024339,-229307.6467,-143.3172792,-2944.203419,-1.840127137,-17396.02796,-10.87251748,229.839,357.078,1.553600564,12,1283.3934,32.084835,106.94945,8.912454167,6.634169289,0.433288676,44,91.224,175,1.33,7.5,2,0,2,0,4,0,0,8,0,8,23.195,0,0,0.5,0,0.5,0,-4.259452712,-4.418884224,-4.1000212,0.318863024,-4.259452712,155,14.02,21000,2128,4682,25.36,23,17.9,-6.6,-5.874705626,0.725294374,0,0,1,0,0,FALSE,FALSE,FALSE,FALSE,TRUE,FALSE,FALSE,FALSE,FALSE,FALSE,TRUE,FALSE,FALSE,FALSE,FALSE,FALSE,FALSE,FALSE,FALSE,FALSE,FALSE,FALSE,FALSE,FALSE,FALSE,4,5,2,2.83
Nb,41,-102075.248,-60.72293159,102001.788,60.67923141,42218.49629,25.11510785,-243228.8164,-144.6929306,-3066.715937,-1.824340236,-18334.01244,-10.90661061,293.235,455.659,1.553903866,13,1555.1913,37.93149512,119.6301,9.202315385,6.75854053,0.917403732,47,92.90638,164,1.6,7,1,0,4,0,5,1,0,6,0,7,18.18,0,0,0.2,0,0.8,0,-3.667060833,-3.925841116,-3.40828055,0.517560566,-3.511792663,145,10.83,26800,2750,5017,24.6,54,15.7,-7.04,-6.686751638,0.353248362,0,0,1,0,0,FALSE,FALSE,FALSE,FALSE,TRUE,FALSE,FALSE,FALSE,FALSE,FALSE,FALSE,TRUE,FALSE,FALSE,FALSE,FALSE,FALSE,FALSE,FALSE,FALSE,FALSE,FALSE,FALSE,FALSE,FALSE,5,5,5,3.87
Mo,42,-108111.1977,-61.28752704,108035.5056,61.24461769,44598.84855,25.28279396,-257556.4386,-146.0070514,-3189.113188,-1.807887295,-19299.18913,-10.94058341,224.584,392.427,1.747350657,12,1284.3009,30.57859286,107.025075,8.91875625,7.092270028,0.747232781,50,95.96,154,2.16,8.3,1,0,5,0,6,1,0,5,0,6,15.69,0,0,0.166666667,0,0.833333333,0,-4.098402123,-4.172784447,-4.024019798,0.148764649,-4.147990339,145,9.38,36000,2896,4912,24.06,139,12.8,-7.378,-7.6126,-0.2346,0,0,1,0,0,FALSE,FALSE,FALSE,FALSE,TRUE,FALSE,FALSE,FALSE,FALSE,FALSE,FALSE,FALSE,TRUE,FALSE,FALSE,FALSE,FALSE,FALSE,FALSE,FALSE,FALSE,FALSE,FALSE,FALSE,FALSE,6,5,6,6.7
Tc,43,-114347.3841,-61.84282537,114269.6394,61.80077847,46936.9403,25.38504072,-272244.2219,-147.2386273,-3309.741971,-1.790017291,-20292.67425,-10.97494551,228.699,384.541,1.681428428,13,1559.5964,36.26968372,119.9689538,9.228381065,7.275717608,0.549306315,53,98,147,1.9,10.9,2,0,5,0,7,0,0,5,0,5,14.285,0,0,0.285714286,0,0.714285714,0,-6.175596898,-7.35420367,-4.996990125,2.357213545,-6.680714086,135,8.63,23000,2430,4538,26.64477586,51,12.44444643,-4.027581151,-3.934404791,0.09317636,0,0,1,0,0,FALSE,FALSE,FALSE,FALSE,TRUE,FALSE,FALSE,FALSE,FALSE,FALSE,FALSE,FALSE,FALSE,TRUE,FALSE,FALSE,FALSE,FALSE,FALSE,FALSE,FALSE,FALSE,FALSE,FALSE,FALSE,7,5,5,5.92
Ru,44,-120790.8327,-62.39195904,120710.5542,62.35049287,49655.36266,25.64843113,-287714.7935,-148.6130132,-3441.956164,-1.777869919,-21304.301,-11.00428771,230.429,379.033,1.644901466,14,1872.7511,42.562525,133.7679357,9.554852551,7.360704623,1.046273066,56,101.07,146,2.2,8.4,1,0,7,0,8,1,0,3,0,4,13.51,0,0,0.125,0,0.875,0,-4.941710194,-5.724595381,-4.158825006,1.565770375,-5.528874084,130,8.17,25700,2607,4423,26.64477586,120,12.44444643,-4.027581151,-3.934404791,0.09317636,0,0,1,0,0,FALSE,FALSE,FALSE,FALSE,TRUE,FALSE,FALSE,FALSE,FALSE,FALSE,FALSE,FALSE,FALSE,FALSE,TRUE,FALSE,FALSE,FALSE,FALSE,FALSE,FALSE,FALSE,FALSE,FALSE,FALSE,8,5,4,4.9
Rh,45,-127439.1133,-62.93289546,127356.487,62.89209235,52334.61308,25.84425337,-303557.791,-149.905082,-3572.422353,-1.764159187,-22344.26989,-11.03420735,271.47,483.778,1.782068,15,2225.6185,49.45818889,148.3745667,9.891637778,7.459165189,1.142868064,59,102.9055,142,2.28,9.3,1,0,8,0,9,1,0,2,0,3,13.64,0,0,0.111111111,0,0.888888889,0,-5.361268953,-6.515004518,-4.207533387,2.307471131,-6.258618837,135,8.28,21700,2237,3968,24.06,150,8.6,-4.23,-4.76228997,-0.53228997,0,0,1,0,0,FALSE,FALSE,FALSE,FALSE,TRUE,FALSE,FALSE,FALSE,FALSE,FALSE,FALSE,FALSE,FALSE,FALSE,FALSE,TRUE,FALSE,FALSE,FALSE,FALSE,FALSE,FALSE,FALSE,FALSE,FALSE,9,5,3,3.87
Pd,46,-134298.216,-63.46796597,134212.9385,63.4276647,55283.89961,26.12660662,-320084.157,-151.2685052,-3710.897152,-1.753732113,-23405.46323,-11.061183,271.098,473.067,1.745003652,16,2620.5408,56.96827826,163.7838,10.2364875,8.337018866,0.56215801,62,106.42,139,2.2,8.3,0,0,10,0,10,0,0,0,0,0,14.41,0,0,0,0,1,0,-4.374801778,-4.374801778,-4.374801778,0,-4.374801778,140,8.56,16700,1828.05,3236,25.98,72,4.8,-2.84,-3.117404462,-0.277404462,0,0,1,0,0,FALSE,FALSE,FALSE,FALSE,TRUE,FALSE,FALSE,FALSE,FALSE,FALSE,FALSE,FALSE,FALSE,FALSE,FALSE,FALSE,TRUE,FALSE,FALSE,FALSE,FALSE,FALSE,FALSE,FALSE,FALSE,10,5,0,0
Ag,47,-141364.001,-63.99456813,141276.5812,63.95499375,58004.29333,26.2581681,-336803.3408,-152.4686921,-3841.534636,-1.739037861,-24499.07984,-11.09057485,249.846,412.496,1.651001017,11,1037.4134,22.07262553,94.31030909,8.573664463,7.576281441,1.304467763,65,107.8682,145,1.93,12,1,0,10,0,11,1,0,0,0,1,16.33,0,0,0.090909091,0,0.909090909,0,-6.205733508,-8.12820434,-4.283262675,3.844941665,-7.778664189,160,10.27,11300,1234.93,2435,25.35,430,7.2,-0.71,-0.827009585,-0.117009585,0,0,0,1,0,FALSE,FALSE,FALSE,FALSE,TRUE,FALSE,FALSE,FALSE,FALSE,FALSE,FALSE,FALSE,FALSE,FALSE,FALSE,FALSE,FALSE,TRUE,FALSE,FALSE,FALSE,FALSE,FALSE,FALSE,FALSE,11,5,1,1.73
Cd,48,-148639.2308,-64.51355503,148549.6765,64.47468598,60774.43544,26.37779316,-353990.2684,-153.6416095,-3973.074314,-1.724424615,-25618.88466,-11.11930758,274.342,456.106,1.66254529,12,1293.2795,26.94332292,107.7732917,8.981107639,8.99411359,-0.704770367,70,112.411,144,1.69,16.1,2,0,10,0,12,0,0,0,0,0,19.495,0,0,0.166666667,0,0.833333333,0,-9.18055028,-12.80377357,-5.55732699,7.24644658,-11.59603247,155,13,6300,594.22,1040,26.02,97,7.36,-0.91,-0.56,0.35,0,0,0,1,0,FALSE,FALSE,FALSE,FALSE,TRUE,FALSE,FALSE,FALSE,FALSE,FALSE,FALSE,FALSE,FALSE,FALSE,FALSE,FALSE,FALSE,FALSE,TRUE,FALSE,FALSE,FALSE,FALSE,FALSE,FALSE,12,5,0,0
In,49,-156120.133,-65.02296252,156028.5682,64.98482641,63523.14298,26.45695251,-371567.9594,-154.7555016,-4103.884781,-1.709239809,-26766.41056,-11.14802606,239.218,449.704,1.879891981,13,1576.8738,32.18109796,121.2979846,9.330614201,5.786371995,0.299527406,75,114.818,142,1.78,9.3,2,1,10,0,13,0,5,0,0,5,24.26,0,0,0.153846154,0.076923077,0.769230769,0,-5.337227693,-7.90482607,-2.769629315,5.135196755,-6.193093818,155,15.76,3260,429.75,2345,26.74,82,10.2,-2.72,-2.31,0.41,0,1,0,0,0,FALSE,FALSE,FALSE,FALSE,TRUE,FALSE,FALSE,FALSE,FALSE,FALSE,FALSE,FALSE,FALSE,FALSE,FALSE,FALSE,FALSE,FALSE,FALSE,TRUE,FALSE,FALSE,FALSE,FALSE,FALSE,13,5,1,1.73
Sn,50,-163811.2759,-65.52451036,163717.6436,65.48705744,66347.50909,26.53900364,-389640.2337,-155.8560935,-4236.195031,-1.694478012,-27939.62196,-11.17584878,241.09,439.825,1.824318719,14,1893.0782,37.861564,135.2198714,9.658562245,7.344121791,1.112069599,80,118.71,139,1.96,10.2,2,2,10,0,14,0,4,0,0,4,33.285,0,0,0.142857143,0.142857143,0.714285714,0,-6.990591522,-10.0504983,-3.930684743,6.119813557,-6.990591522,145,16.29,7000,505.08,2875,27.112,67,7.7,-3.97,-3.789493935,0.180506065,0,1,0,0,0,FALSE,FALSE,FALSE,FALSE,TRUE,FALSE,FALSE,FALSE,FALSE,FALSE,FALSE,FALSE,FALSE,FALSE,FALSE,FALSE,FALSE,FALSE,FALSE,FALSE,TRUE,FALSE,FALSE,FALSE,FALSE,14,5,2,2.83
Sb,51,-171714.086,-66.0184875,171618.3452,65.98167828,69245.5381,26.62265978,-408207.9302,-156.9426875,-4370.039078,-1.680138054,-29138.59172,-11.20284188,172.037,380.513,2.211809088,5,149.8037,2.937327451,29.96074,5.992148,8.643801261,1.047402772,85,121.76,139,2.05,11.2,2,3,10,0,15,0,3,0,0,3,31.56,0,0,0.133333333,0.2,0.666666667,0,-8.58829446,-12.12552977,-5.051059149,7.074470621,-7.880847397,145,18.19,19700,903.78,1860,25.23,24,6.6,-4.12,-4.286226075,-0.166226075,0,1,0,0,0,FALSE,FALSE,FALSE,FALSE,TRUE,FALSE,FALSE,FALSE,FALSE,FALSE,FALSE,FALSE,FALSE,FALSE,FALSE,FALSE,FALSE,FALSE,FALSE,FALSE,FALSE,TRUE,FALSE,FALSE,FALSE,15,5,3,3.87
Te,52,-179830.0219,-66.50518561,179732.1372,66.46898565,72218.18558,26.70790887,-427274.8598,-158.0158505,-4505.485059,-1.666229682,-30363.33061,-11.22904239,174.982,368.792,2.107599639,6,223.2721,4.293694231,37.21201667,6.202002778,9.009659995,1.970879966,90,127.6,138,2.1,12,2,4,10,0,16,0,2,0,0,2,34.76333333,0.464,0,0.125,0.25,0.625,0,-10.17149373,-14.1770506,-6.165936855,8.011113745,-8.836308103,140,20.46,17500,722.66,1261,25.73,0.449,5.5,-3.14,-3.25034082,-0.11034082,0,1,0,0,0,FALSE,FALSE,FALSE,FALSE,TRUE,FALSE,FALSE,FALSE,FALSE,FALSE,FALSE,FALSE,FALSE,FALSE,FALSE,FALSE,FALSE,FALSE,FALSE,FALSE,FALSE,FALSE,TRUE,FALSE,FALSE,16,5,2,2.83
I,53,-188160.5614,-66.98489192,188060.5002,66.94927027,75267.04087,26.79495937,-446845.5084,-159.0763647,-4642.594119,-1.652756895,-31613.83607,-11.25448062,175.647,370.139,2.107289051,7,315.8678,5.959769811,45.12397143,6.446281633,10.45132997,3.059046448,96,126.90447,139,2.66,13.4,2,5,10,0,17,0,1,0,0,1,43.015,1.062,0,0.117647059,0.294117647,0.588235294,0,-11.75862504,-16.22721086,-7.290039221,8.937171639,-9.843516832,140,25.72,7760,386.85,457.4,54.44,3,5.35,-4.027581151,-3.934404791,0.09317636,0,1,0,0,0,FALSE,FALSE,FALSE,FALSE,TRUE,FALSE,FALSE,FALSE,FALSE,FALSE,FALSE,FALSE,FALSE,FALSE,FALSE,FALSE,FALSE,FALSE,FALSE,FALSE,FALSE,FALSE,FALSE,TRUE,FALSE,17,5,1,1.73
Xe,54,-196707.1956,-67.45788601,196604.9274,67.42281461,78393.80912,26.88402233,-466924.5149,-160.1250051,-4781.417305,-1.639717869,-32890.10304,-11.27918486,153.098,218.469,1.426987942,8,429.1388,7.947014815,53.64235,6.70529375,12.13034172,-0.798048797,102,131.293,140,2.6,14.9,2,6,10,0,18,0,0,0,0,0,53.65,6.456,0,0.111111111,0.333333333,0.555555556,0,-13.3597158,-18.28839174,-8.431039858,9.857351882,-10.89537783,150.9770115,35.92,2300,161.4,165.1,26.64477586,0.00565,12.44444643,-4.027581151,-3.934404791,0.09317636,0,1,0,0,0,FALSE,FALSE,FALSE,FALSE,TRUE,FALSE,FALSE,FALSE,FALSE,FALSE,FALSE,FALSE,FALSE,FALSE,FALSE,FALSE,FALSE,FALSE,FALSE,FALSE,FALSE,FALSE,FALSE,FALSE,TRUE,18,5,0,0
Cs,55,-205461.1422,-67.92103874,205357.107,67.88664694,81314.2109,26.88073088,-487217.3145,-161.063575,-4915.145649,-1.624841537,-34197.60465,-11.30499327,220.318,407.933,1.851564557,9,555.6835,10.10333636,61.74261111,6.860290123,3.893856276,0.471598127,5,132.9054519,244,0.79,3.9,1,0,0,0,1,1,0,0,0,1,115.765,0,0,1,0,0,0,-2.141508886,-2.141508886,-2.141508886,0,-2.141508886,260,70.94,2090,301.59,944,32.21,36,59.6,-4.027581151,-3.934404791,0.09317636,1,0,0,0,0,FALSE,FALSE,FALSE,FALSE,FALSE,TRUE,FALSE,TRUE,FALSE,FALSE,FALSE,FALSE,FALSE,FALSE,FALSE,FALSE,FALSE,FALSE,FALSE,FALSE,FALSE,FALSE,FALSE,FALSE,FALSE,1,6,1,1.73
Ba,56,-214428.7598,-68.37651779,214322.8682,68.34275134,84303.99261,26.8826507,-508005.3727,-161.9915092,-5050.247814,-1.610410655,-35531.08413,-11.33006509,187.21,351.165,1.875781208,10,700.2255,12.50402679,70.02255,7.002255,5.212191432,0.144623025,9,137.327,215,0.89,5.2,2,0,0,0,2,0,0,0,0,0,63.59,0,0,1,0,0,0,-3.237256988,-3.237256988,-3.237256988,0,-3.237256988,215,38.16,8000,1000,2143,28.07,18,39.7,-1.93,-1.394499246,0.535500754,1,0,0,0,0,FALSE,FALSE,FALSE,FALSE,FALSE,TRUE,FALSE,FALSE,TRUE,FALSE,FALSE,FALSE,FALSE,FALSE,FALSE,FALSE,FALSE,FALSE,FALSE,FALSE,FALSE,FALSE,FALSE,FALSE,FALSE,2,6,0,0
La,57,-223611.6136,-68.82475026,223503.6428,68.79151825,87485.09955,26.92677733,-529410.9825,-162.9458241,-5189.373401,-1.59722173,-36888.36598,-11.35375992,136.552,349.734,2.561178159,9,544.3038,9.549189474,60.4782,6.7198,5.577013739,0.55754591,13,138.90547,207,1.1,6,2,0,1,0,3,0,0,9,0,9,36.8975,0,0,0.666666667,0,0.333333333,0,-3.718680833,-3.839118429,-3.598243237,0.240875192,-3.678534968,195,22.39,6200,1193,3743,27.11,13,31.1,-3.86,-3.664217482,0.195782518,0,0,0,0,1,FALSE,FALSE,FALSE,FALSE,FALSE,TRUE,FALSE,FALSE,FALSE,TRUE,FALSE,FALSE,FALSE,FALSE,FALSE,FALSE,FALSE,FALSE,FALSE,FALSE,FALSE,FALSE,FALSE,FALSE,FALSE,3,6,1,0
Ce,58,-233020.9043,-69.26899652,232910.457,69.23616439,91208.03695,27.11297174,-551797.3451,-164.0301264,-5342.053115,-1.588006277,-38263.24408,-11.37432939,299.9,659.424,2.198812938,12,1063.0861,18.32907069,88.59050833,7.382542361,5.53866594,0.600160679,15,140.116,204,1.12,7.3,2,0,1,1,4,0,0,9,13,22,37.24,0,0,0.5,0,0.25,0.25,-5.550814399,-9.182264598,-3.645618261,5.536646337,-5.074515364,185,20.69,5500,1068,3633,26.64477586,11,12.44444643,-4.027581151,-3.934404791,0.09317636,0,0,0,0,1,FALSE,FALSE,FALSE,FALSE,FALSE,TRUE,FALSE,FALSE,FALSE,TRUE,FALSE,FALSE,FALSE,FALSE,FALSE,FALSE,FALSE,FALSE,FALSE,FALSE,FALSE,FALSE,FALSE,FALSE,FALSE,3,6,2,2.54
Pr,59,-242662.0096,-69.7104308,242548.722,69.67788624,95463.34298,27.42411462,-575166.1244,-165.230142,-5507.950161,-1.582289618,-39656.18903,-11.392183,252.625,578.02,2.288055418,13,1294.6661,21.94349322,99.5897,7.660746154,5.461970341,0.109229043,17,140.90765,203,1.13,6.7,2,0,0,3,5,0,0,0,11,11,35.675,0,0,0.4,0,0,0.6,-2.536128409,-4.221520039,0,4.221520039,-3.887658099,185,20.8,6900,1208,3563,26.64477586,13,12.44444643,-4.027581151,-3.934404791,0.09317636,0,0,0,0,1,FALSE,FALSE,FALSE,FALSE,FALSE,TRUE,FALSE,FALSE,FALSE,TRUE,FALSE,FALSE,FALSE,FALSE,FALSE,FALSE,FALSE,FALSE,FALSE,FALSE,FALSE,FALSE,FALSE,FALSE,FALSE,3,6,3,3.58
Nd,60,-252530.1281,-70.14725781,252414.3002,70.11508339,99456.20215,27.62672282,-598733.8921,-166.31497,-5666.738369,-1.574093991,-41081.00138,-11.41138927,253.189,569.081,2.247652939,14,1563.009,26.05015,111.6435,7.974535714,5.525192389,0.097486325,19,144.242,201,1.14,7.2,2,0,0,4,6,0,0,0,10,10,34.81,0,0,0.333333333,0,0,0.666666667,-2.769248355,-4.884661522,0,4.884661522,-4.397468863,185,20.59,7100,1297,3373,26.64477586,17,12.44444643,-4.027581151,-3.934404791,0.09317636,0,0,0,0,1,FALSE,FALSE,FALSE,FALSE,FALSE,TRUE,FALSE,FALSE,FALSE,TRUE,FALSE,FALSE,FALSE,FALSE,FALSE,FALSE,FALSE,FALSE,FALSE,FALSE,FALSE,FALSE,FALSE,FALSE,FALSE,3,6,4,3.62
Pm,61,-262630.2626,-70.58055969,262511.866,70.5487412,103580.591,27.83676189,-622894.2725,-167.399697,-5828.447311,-1.566365845,-42530.8602,-11.42995437,258.627,562.152,2.173601364,15,1870.3302,30.66115082,124.68868,8.312578667,5.596705852,0.129035163,21,145,199,1.155,7.4,2,0,0,5,7,0,0,0,9,9,33.8425,0,0,0.285714286,0,0,0.714285714,-2.967964039,-5.44660386,0,5.44660386,-4.878227973,185,20.23,7700,1373,3273,26.64477586,15,12.44444643,-4.027581151,-3.934404791,0.09317636,0,0,0,0,1,FALSE,FALSE,FALSE,FALSE,FALSE,TRUE,FALSE,FALSE,FALSE,TRUE,FALSE,FALSE,FALSE,FALSE,FALSE,FALSE,FALSE,FALSE,FALSE,FALSE,FALSE,FALSE,FALSE,FALSE,FALSE,3,6,5,2.68
Sm,62,-272964.4656,-71.01052695,272843.474,70.97905151,107836.5953,28.05322458,-647651.4915,-168.4837387,-5993.043598,-1.559064412,-44005.80284,-11.44791957,262.839,553.532,2.105973619,16,2218.7933,35.78698871,138.6745813,8.667161328,5.643345068,0.161993542,23,150.36,198,1.17,8.3,2,0,0,6,8,0,0,0,8,8,33.23,0,0,0.25,0,0,0.75,-3.138552219,-5.925551469,0,5.925551469,-5.316689899,185,19.98,8600,1345,2076,26.64477586,13,12.44444643,-4.027581151,-3.934404791,0.09317636,0,0,0,0,1,FALSE,FALSE,FALSE,FALSE,FALSE,TRUE,FALSE,FALSE,FALSE,TRUE,FALSE,FALSE,FALSE,FALSE,FALSE,FALSE,FALSE,FALSE,FALSE,FALSE,FALSE,FALSE,FALSE,FALSE,FALSE,3,6,6,1.55
Eu,63,-283534.7746,-71.43733298,283411.1636,71.40618886,112224.9231,28.27536485,-673010.3511,-169.5667299,-6160.510197,-1.552156764,-45505.85488,-11.46531995,249.668,549.628,2.201435506,17,2619.8085,41.5842619,154.1063824,9.065081315,5.67029217,0.116079825,25,151.964,198,1.185,9.4,2,0,0,7,9,0,0,0,7,7,36.46,0,0,0.222222222,0,0,0.777777778,-3.285312296,-6.334076011,0,6.334076011,-5.709139314,185,28.97,9200,1099,1800,26.64477586,14,12.44444643,-4.027581151,-3.934404791,0.09317636,0,0,0,0,1,FALSE,FALSE,FALSE,FALSE,FALSE,TRUE,FALSE,FALSE,FALSE,TRUE,FALSE,FALSE,FALSE,FALSE,FALSE,FALSE,FALSE,FALSE,FALSE,FALSE,FALSE,FALSE,FALSE,FALSE,FALSE,3,6,7,7.94
Gd,64,-294336.1466,-71.85941079,294210.2355,71.82867078,116293.9872,28.39208672,-698520.7841,-170.5373008,-6319.585131,-1.542867464,-47038.28786,-11.483957,256.472,537.243,2.094743286,18,3047.6015,47.61877344,169.3111944,9.406177469,6.150157876,0.212467537,27,157.25,196,1.2,13.8,2,0,1,7,10,0,0,9,7,16,32.05,0,0,0.2,0,0.1,0.7,-6.892272247,-13.30669441,-3.461832558,9.844861852,-10.4425273,180,19.9,10000,1585,3523,26.64477586,11,12.44444643,-4.027581151,-3.934404791,0.09317636,0,0,0,0,1,FALSE,FALSE,FALSE,FALSE,FALSE,TRUE,FALSE,FALSE,FALSE,TRUE,FALSE,FALSE,FALSE,FALSE,FALSE,FALSE,FALSE,FALSE,FALSE,FALSE,FALSE,FALSE,FALSE,FALSE,FALSE,3,6,8,7.94
Tb,65,-305391.809,-72.28208497,305262.8916,72.25157198,121403.0969,28.7344608,-725553.767,-171.7287022,-6504.030383,-1.539415475,-48581.35705,-11.49854605,155.628,280.305,1.801121906,9,640.517,9.854107692,71.16855556,7.907617284,5.864104021,0.131315302,29,158.92535,194,1.21,7.7,2,0,0,9,11,0,0,0,5,5,31.73666667,0,0,0.181818182,0,0,0.818181818,-3.519230442,-6.97457762,0,6.97457762,-6.357947818,175,19.3,10800,1629,3503,26.64477586,11,12.44444643,-4.027581151,-3.934404791,0.09317636,0,0,0,0,1,FALSE,FALSE,FALSE,FALSE,FALSE,TRUE,FALSE,FALSE,FALSE,TRUE,FALSE,FALSE,FALSE,FALSE,FALSE,FALSE,FALSE,FALSE,FALSE,FALSE,FALSE,FALSE,FALSE,FALSE,FALSE,3,6,5,9.72
Dy,66,-316682.5664,-72.70031368,316550.9637,72.67010186,126195.7298,28.97055321,-752749.175,-172.8074323,-6680.085195,-1.533536546,-50156.83218,-11.51442428,155.729,276.17,1.773401229,9,651.0671,9.86465303,72.34078889,8.037865432,5.938726766,0.015028192,31,162.5,192,1.22,8.4,2,0,0,10,12,0,0,0,4,4,31.24,0,0,0.166666667,0,0,0.833333333,-3.610687911,-7.219235194,0,7.219235194,-6.618167418,175,19.01,11100,1680,2840,26.64477586,11,12.44444643,-4.027581151,-3.934404791,0.09317636,0,0,0,0,1,FALSE,FALSE,FALSE,FALSE,FALSE,TRUE,FALSE,FALSE,FALSE,TRUE,FALSE,FALSE,FALSE,FALSE,FALSE,FALSE,FALSE,FALSE,FALSE,FALSE,FALSE,FALSE,FALSE,FALSE,FALSE,3,6,4,10.63
Ho,67,-328217.4972,-73.11594948,328083.1886,73.08602998,131126.1361,29.21054491,-780567.8127,-173.8845651,-6859.009366,-1.527959315,-51757.46913,-11.52984387,154.153,273.459,1.773945366,9,661.5018,9.873161194,73.5002,8.166688889,6.021640926,0.337978848,33,164.93032,192,1.23,8.3,2,0,0,11,13,0,0,0,3,3,30.73333333,0,0,0.153846154,0,0,0.846153846,-3.687342386,-7.419919167,0,7.419919167,-6.838717448,175,18.74,17000,1734,2993,26.64477586,16,12.44444643,-4.027581151,-3.934404791,0.09317636,0,0,0,0,1,FALSE,FALSE,FALSE,FALSE,FALSE,TRUE,FALSE,FALSE,FALSE,TRUE,FALSE,FALSE,FALSE,FALSE,FALSE,FALSE,FALSE,FALSE,FALSE,FALSE,FALSE,FALSE,FALSE,FALSE,FALSE,3,6,3,10.6
Er,68,-339998.6057,-73.52911023,339861.5719,73.49947489,136195.9815,29.45414825,-809015.3491,-174.9600668,-7040.810216,-1.522666569,-53383.27512,-11.54482593,155.053,307.908,1.985824202,9,671.8481,9.880119118,74.64978889,8.294420988,6.107664368,0.31196453,35,167.259,189,1.24,7.6,2,0,0,12,14,0,0,0,2,2,30.585,0,0,0.142857143,0,0,0.857142857,-3.750472803,-7.580466346,0,7.580466346,-7.021964305,175,18.46,19900,1802,3141,26.64477586,15,12.44444643,-4.027581151,-3.934404791,0.09317636,0,0,0,0,1,FALSE,FALSE,FALSE,FALSE,FALSE,TRUE,FALSE,FALSE,FALSE,TRUE,FALSE,FALSE,FALSE,FALSE,FALSE,FALSE,FALSE,FALSE,FALSE,FALSE,FALSE,FALSE,FALSE,FALSE,FALSE,3,6,2,9.58
Tm,69,-352027.894,-73.93990632,351888.1159,73.91054734,141406.9925,29.70111164,-838097.5057,-176.0339226,-7225.496507,-1.517642619,-55034.2561,-11.55939007,149.221,305.875,2.049812024,9,683.2773,9.902569565,75.9197,8.435522222,6.184359967,1.02606274,37,168.93421,190,1.25,9,2,0,0,13,15,0,0,0,1,1,29.78,0,0,0.133333333,0,0,0.866666667,-3.801185756,-7.704087674,0,7.704087674,-7.170138597,175,19.1,16800,1818,2223,26.64477586,17,12.44444643,-4.027581151,-3.934404791,0.09317636,0,0,0,0,1,FALSE,FALSE,FALSE,FALSE,FALSE,TRUE,FALSE,FALSE,FALSE,TRUE,FALSE,FALSE,FALSE,FALSE,FALSE,FALSE,FALSE,FALSE,FALSE,FALSE,FALSE,FALSE,FALSE,FALSE,FALSE,3,6,1,7.56
Yb,70,-364307.3613,-74.34844108,364164.8201,74.31935104,146760.9408,29.95121241,-867820.0443,-177.1061315,-7413.078007,-1.512873063,-56710.41711,-11.57355451,112.543,301.012,2.674639915,8,571.0215,8.15745,71.3776875,8.922210938,6.253800577,-0.020003041,39,173.054,187,1.26,10.2,2,0,0,14,16,0,0,0,0,0,34.12,0,0,0.125,0,0,0.875,-3.840406434,-7.793558712,0,7.793558712,-7.285321447,175,24.84,7700,1097,1469,26.64477586,39,12.44444643,-4.027581151,-3.934404791,0.09317636,0,0,0,0,1,FALSE,FALSE,FALSE,FALSE,FALSE,TRUE,FALSE,FALSE,FALSE,TRUE,FALSE,FALSE,FALSE,FALSE,FALSE,FALSE,FALSE,FALSE,FALSE,FALSE,FALSE,FALSE,FALSE,FALSE,FALSE,3,6,0,4.53
Lu,71,-376829.5457,-74.75293507,376684.5947,74.72418066,151709.6095,30.09514174,-897633.0677,-178.0664685,-7590.681963,-1.505788923,-58419.72651,-11.58891619,155.009,298.798,1.927617106,9,702.5713,9.895370423,78.06347778,8.673719753,5.425695396,0.238792783,41,174.9668,187,1.27,6.4,2,0,1,14,17,0,0,9,0,9,28.865,0,0.0022471,0.117647059,0,0.058823529,0.823529412,-7.500310672,-15.45867968,-2.821439794,12.63723989,-13.39321061,175,17.78,22000,1925,3675,26.64477586,16,12.44444643,-4.027581151,-3.934404791,0.09317636,0,0,0,0,1,FALSE,FALSE,FALSE,FALSE,FALSE,TRUE,FALSE,FALSE,FALSE,TRUE,FALSE,FALSE,FALSE,FALSE,FALSE,FALSE,FALSE,FALSE,FALSE,FALSE,FALSE,FALSE,FALSE,FALSE,FALSE,3,6,1,0
Hf,72,-389598.8517,-75.15409948,389451.4525,75.12566599,156753.5693,30.23795704,-928034.2409,-179.0189508,-7769.632665,-1.498771733,-60154.90516,-11.60395547,220.342,380.878,1.728576486,10,859.6195,11.93915972,85.96195,8.596195,6.824871859,0.17805816,45,178.49,175,1.3,7.1,2,0,2,14,18,0,0,8,0,8,22.2,0,0,0.111111111,0,0.111111111,0.777777778,-4.221438405,-4.529743411,-3.913133399,0.616610012,-4.221438405,155,13.44,25500,2506,4876,25.73,23,16.2,-8.12,-7.397695761,0.722304239,0,0,1,0,0,FALSE,FALSE,FALSE,FALSE,FALSE,TRUE,FALSE,FALSE,FALSE,FALSE,TRUE,FALSE,FALSE,FALSE,FALSE,FALSE,FALSE,FALSE,FALSE,FALSE,FALSE,FALSE,FALSE,FALSE,FALSE,4,6,2,2.83
Ta,73,-402616.5198,-75.55198345,402466.6463,75.52385932,161890.2694,30.37910854,-959023.4043,-179.9631083,-7950.031258,-1.491842983,-61916.00966,-11.618692,223.675,377.421,1.687363362,11,1045.8051,14.32609726,95.07319091,8.643017355,7.887209544,0.328859327,48,180.94788,170,1.5,7.8,2,0,3,14,19,0,0,7,0,7,18.12,0,0,0.105263158,0,0.157894737,0.736842105,-4.861014828,-4.96509838,-4.756931275,0.208167105,-4.881831538,145,10.85,36000,3290,5731,25.63,57,13.1,-9.22,-8.818483138,0.401516862,0,0,1,0,0,FALSE,FALSE,FALSE,FALSE,FALSE,TRUE,FALSE,FALSE,FALSE,FALSE,FALSE,TRUE,FALSE,FALSE,FALSE,FALSE,FALSE,FALSE,FALSE,FALSE,FALSE,FALSE,FALSE,FALSE,FALSE,5,6,3,3.87
W,74,-415883.829,-75.94664518,415731.4586,75.91882005,167122.3895,30.51906309,-990605.6859,-180.8995044,-8131.991077,-1.485023937,-63703.02222,-11.63313043,223.065,373.438,1.674121893,12,1260.0376,17.02753514,105.0031333,8.750261111,7.980487975,0.816500308,51,183.84,162,2.36,8.6,2,0,4,14,20,0,0,6,0,6,16.05,0,0,0.1,0,0.2,0.7,-5.469706327,-6.00291344,-4.936499213,1.066414227,-5.647442031,135,9.47,35000,3695,5828,24.27,170,11.1,-9.7359,-10.02531,-0.28941,0,0,1,0,0,FALSE,FALSE,FALSE,FALSE,FALSE,TRUE,FALSE,FALSE,FALSE,FALSE,FALSE,FALSE,TRUE,FALSE,FALSE,FALSE,FALSE,FALSE,FALSE,FALSE,FALSE,FALSE,FALSE,FALSE,FALSE,6,6,4,6.7
Re,75,-429402.0974,-76.33815065,429247.2085,76.31061484,172453.1366,30.6583354,-1022786.835,-181.8287707,-8315.607416,-1.478330207,-65515.91783,-11.64727428,226.223,370.28,1.636792015,13,1503.6655,20.04887333,115.6665769,8.897428994,7.876845274,0.060395711,54,186.207,151,1.9,9.1,2,0,5,14,21,0,0,5,0,5,14.655,0,0,0.095238095,0,0.238095238,0.666666667,-6.061309075,-7.037925727,-5.084692423,1.953233304,-6.479859069,135,8.86,33000,3459,5869,26.64477586,48,12.44444643,-4.027581151,-3.934404791,0.09317636,0,0,1,0,0,FALSE,FALSE,FALSE,FALSE,FALSE,TRUE,FALSE,FALSE,FALSE,FALSE,FALSE,FALSE,FALSE,TRUE,FALSE,FALSE,FALSE,FALSE,FALSE,FALSE,FALSE,FALSE,FALSE,FALSE,FALSE,7,6,5,5.92
Os,76,-443172.6749,-76.72657114,443015.2467,76.69931556,177885.5508,30.7973599,-1055572.514,-182.751474,-8500.958589,-1.471772609,-67354.67406,-11.66112778,228.022,414.932,1.819701608,14,1780.0316,23.42146842,127.1451143,9.081793878,8.705986882,1.077661258,57,190.23,144,2.2,9.2,2,0,6,14,22,0,0,4,0,4,14.09,0,0,0.090909091,0,0.272727273,0.636363636,-6.643387838,-8.076094535,-5.210681141,2.865413394,-7.359741186,130,8.42,31000,3306,5285,26.64477586,88,12.44444643,-4.027581151,-3.934404791,0.09317636,0,0,1,0,0,FALSE,FALSE,FALSE,FALSE,FALSE,TRUE,FALSE,FALSE,FALSE,FALSE,FALSE,FALSE,FALSE,FALSE,TRUE,FALSE,FALSE,FALSE,FALSE,FALSE,FALSE,FALSE,FALSE,FALSE,FALSE,8,6,4,4.9
Ir,77,-457196.9352,-77.11198097,457036.948,77.08499713,183422.4032,30.93648224,-1088968.177,-183.668102,-8688.109306,-1.465358291,-69219.27239,-11.67469597,210.87,318.962,1.51260018,9,560.2052,7.275392208,62.24502222,6.91611358,9.120557686,1.56405749,60,192.217,141,2.2,10.8,2,0,7,14,23,0,0,3,0,3,14.21,0,0,0.086956522,0,0.304347826,0.608695652,-7.22054134,-9.120957344,-5.320125336,3.800832008,-8.276328009,135,8.52,26000,2739,4701,25.1,150,7.6,-5.77,-5.964577394,-0.194577394,0,0,1,0,0,FALSE,FALSE,FALSE,FALSE,FALSE,TRUE,FALSE,FALSE,FALSE,FALSE,FALSE,FALSE,FALSE,FALSE,FALSE,TRUE,FALSE,FALSE,FALSE,FALSE,FALSE,FALSE,FALSE,FALSE,FALSE,9,6,3,3.87
Pt,78,-471480.1622,-77.49509569,471317.3421,77.46833368,189346.3143,31.1220109,-1123261.261,-184.6254538,-8882.557029,-1.459986362,-71105.97903,-11.68737328,230.283,358.966,1.558803733,10,729.1171,9.347655128,72.91171,7.291171,9.016914985,2.125100305,63,195.084,136,2.28,9.5,1,0,9,14,24,1,0,1,0,2,15.02,0,0,0.041666667,0,0.375,0.583333333,-5.917687379,-7.445960464,-4.389414293,3.056546171,-7.140305847,135,9.09,20000,2041.4,4098,25.86,72,6.5,-3.52,-3.952759708,-0.432759708,0,0,1,0,0,FALSE,FALSE,FALSE,FALSE,FALSE,TRUE,FALSE,FALSE,FALSE,FALSE,FALSE,FALSE,FALSE,FALSE,FALSE,FALSE,TRUE,FALSE,FALSE,FALSE,FALSE,FALSE,FALSE,FALSE,FALSE,10,6,2,2.83
Au,79,-486016.8809,-77.87484071,485851.4474,77.84833318,195120.4994,31.2643005,-1157914.887,-185.5335502,-9073.941103,-1.453924227,-73021.97935,-11.70036522,229.948,356.67,1.551089812,11,926.0567,11.72223671,84.18697273,7.653361157,9.225236814,2.308610071,66,196.966569,136,2.54,10.9,1,0,10,14,25,1,0,0,0,1,16.7,0,0,0.04,0,0.4,0.56,-6.354838299,-8.292343422,-4.417333175,3.875010247,-7.940069763,135,10.21,12500,1337.33,3129,25.418,320,5.8,-0.97,-2.230341009,-1.260341009,0,0,0,1,0,FALSE,FALSE,FALSE,FALSE,FALSE,TRUE,FALSE,FALSE,FALSE,FALSE,FALSE,FALSE,FALSE,FALSE,FALSE,FALSE,FALSE,TRUE,FALSE,FALSE,FALSE,FALSE,FALSE,FALSE,FALSE,11,6,1,1.73
Hg,80,-500805.8144,-78.2509085,500638.0336,78.22469275,200683.8374,31.35684959,-1192866.823,-186.3854411,-9260.862619,-1.447009784,-74967.98509,-11.71374767,233.214,352.362,1.510895572,12,1148.3646,14.3545575,95.69705,7.974754167,10.43785641,-0.497484965,71,200.59,132,2,14.1,2,0,10,14,26,0,0,0,0,0,25.23758621,0,0,0.076923077,0,0.384615385,0.538461538,-8.948314705,-12.31456727,-5.58206214,6.73250513,-11.19248308,150,14.09,2290,234.32,629.88,27.983,8.3,5.02,-0.29,-0.123615662,0.166384338,0,0,0,1,0,FALSE,FALSE,FALSE,FALSE,FALSE,TRUE,FALSE,FALSE,FALSE,FALSE,FALSE,FALSE,FALSE,FALSE,FALSE,FALSE,FALSE,FALSE,TRUE,FALSE,FALSE,FALSE,FALSE,FALSE,FALSE,12,6,0,0
Tl,81,-515845.0961,-78.62293798,515675.1001,78.59702791,206179.115,31.42495275,-1228252.701,-187.2051061,-9446.610099,-1.439812544,-76942.0833,-11.72718843,237.063,395.511,1.668379292,13,1391.5348,17.17944198,107.0411385,8.233933728,6.108700795,0.320052806,76,204.3833,145,1.62,10.2,2,1,10,14,27,0,5,0,0,5,26.91,0,0,0.074074074,0.037037037,0.37037037,0.518518519,-5.258967746,-7.755789308,-2.762146184,4.993643124,-6.0912416,190,17.22,4200,577,1746,26.64477586,46,12.44444643,-4.027581151,-3.934404791,0.09317636,0,1,0,0,0,FALSE,FALSE,FALSE,FALSE,FALSE,TRUE,FALSE,FALSE,FALSE,FALSE,FALSE,FALSE,FALSE,FALSE,FALSE,FALSE,FALSE,FALSE,FALSE,TRUE,FALSE,FALSE,FALSE,FALSE,FALSE,13,6,1,1.73
Pb,82,-531138.8617,-78.99150233,530966.6009,78.96588354,211758.857,31.49298885,-1264230.875,-188.0176792,-9633.444239,-1.432695455,-78942.35565,-11.74038603,237.846,391.914,1.647763679,14,1661.2015,20.25855488,118.65725,8.475517857,7.416671682,0.356720557,81,207.2,146,2.33,11,2,2,10,14,28,0,4,0,0,4,28.11,0,0,0.071428571,0.071428571,0.357142857,0.5,-6.789485771,-9.719553419,-3.859418123,5.860135296,-6.789485771,180,18.26,4770,600.61,2022,26.65,35,6.98,-3.717901,-3.83942,-0.121519,0,1,0,0,0,FALSE,FALSE,FALSE,FALSE,FALSE,TRUE,FALSE,FALSE,FALSE,FALSE,FALSE,FALSE,FALSE,FALSE,FALSE,FALSE,FALSE,FALSE,FALSE,FALSE,TRUE,FALSE,FALSE,FALSE,FALSE,14,6,2,2.83
Bi,83,-546688.0274,-79.35665952,546513.4683,79.3313207,217418.9614,31.56030794,-1300799.07,-188.8226259,-9821.387243,-1.42566225,-80968.86644,-11.75335556,242.851,442.899,1.823747895,15,1958.6135,23.59775301,130.5742333,8.704948889,7.286081878,0.942360894,86,208.9804,148,2.02,10.7,2,3,10,14,29,0,3,0,0,3,32.95,0,0,0.068965517,0.103448276,0.344827586,0.482758621,-8.249499094,-11.59556081,-4.903437379,6.692123431,-7.580286751,160,21.31,10900,544.4,1837,25.52,8,7.4,-4.06,-4.385300329,-0.325300329,0,1,0,0,0,FALSE,FALSE,FALSE,FALSE,FALSE,TRUE,FALSE,FALSE,FALSE,FALSE,FALSE,FALSE,FALSE,FALSE,FALSE,FALSE,FALSE,FALSE,FALSE,FALSE,FALSE,TRUE,FALSE,FALSE,FALSE,15,6,3,3.87
Po,84,-562493.5459,-79.71847306,562316.6602,79.69340422,223159.7661,31.62695098,-1337959.473,-189.6201067,-10010.49889,-1.418721498,-83021.62425,-11.76610321,265,,0,16,,0,0,0,8.416823746,1.409540733,91,209,140,2,12.2,2,4,10,14,30,0,2,0,0,2,38.73125,0,0,0.066666667,0.133333333,0.333333333,0.466666667,-9.679321384,-13.42958103,-5.929061738,7.500519292,-8.429234835,190,22.97,13000,527,1235,26.64477586,20,12.44444643,-4.027581151,-3.934404791,0.09317636,0,1,0,0,0,FALSE,FALSE,FALSE,FALSE,FALSE,TRUE,FALSE,FALSE,FALSE,FALSE,FALSE,FALSE,FALSE,FALSE,FALSE,FALSE,FALSE,FALSE,FALSE,FALSE,FALSE,FALSE,TRUE,FALSE,FALSE,16,6,2,2.83
At,85,-578556.3913,-80.07700918,578377.1534,80.05220116,228982.6329,31.69309798,-1375715.342,-190.410428,-10200.83498,-1.411880274,-85100.62474,-11.77863318,266,,0,17,,0,0,0,9.224200387,2.415776624,97,210,150,2.2,12.6,2,5,10,14,31,0,1,0,0,1,38.73125,0,0,0.064516129,0.161290323,0.322580645,0.451612903,-11.09737475,-15.24351925,-6.951230251,8.292288999,-9.320455679,150.9770115,17.69268041,6000,575,2441.61686,26.64477586,2,12.44444643,-4.027581151,-3.934404791,0.09317636,0,1,0,0,0,FALSE,FALSE,FALSE,FALSE,FALSE,TRUE,FALSE,FALSE,FALSE,FALSE,FALSE,FALSE,FALSE,FALSE,FALSE,FALSE,FALSE,FALSE,FALSE,FALSE,FALSE,FALSE,FALSE,TRUE,FALSE,17,6,1,1.73
Rn,86,-594877.5535,-80.43233552,594695.9401,80.40777989,234889.1225,31.75894031,-1414070.173,-191.193912,-10392.4427,-1.405143686,-87205.86118,-11.79094932,152,,0,8,,0,0,0,10.74774809,-0.704770367,103,222,150,1.715102041,14.6,2,6,10,14,32,0,0,0,0,0,38.73125,0,0,0.0625,0.1875,0.3125,0.4375,-12.51383625,-17.04983828,-7.97783422,9.07200406,-10.24583524,150.9770115,50.5,3000,202,211.3,26.64477586,0.00361,12.44444643,-4.027581151,-3.934404791,0.09317636,0,1,0,0,0,FALSE,FALSE,FALSE,FALSE,FALSE,TRUE,FALSE,FALSE,FALSE,FALSE,FALSE,FALSE,FALSE,FALSE,FALSE,FALSE,FALSE,FALSE,FALSE,FALSE,FALSE,FALSE,FALSE,FALSE,TRUE,18,6,0,0
Fr,87,-611448.5473,-80.78326692,611264.9834,80.75901485,240475.2907,31.77107817,-1452609.807,-191.9156833,-10579.01398,-1.397676573,-89342.1485,-11.8036925,215,,0,9,,0,0,0,3.938422637,0.485980625,6,223,260,0.7,4.1,1,0,0,0,1,1,0,0,0,1,38.73125,0,0,1,0,0,0,-2.072854559,-2.072854559,-2.072854559,0,-2.072854559,150.9770115,17.69268041,2000,300,2441.61686,26.64477586,,12.44444643,-4.027581151,-3.934404791,0.09317636,1,0,0,0,0,FALSE,FALSE,FALSE,FALSE,FALSE,FALSE,TRUE,TRUE,FALSE,FALSE,FALSE,FALSE,FALSE,FALSE,FALSE,FALSE,FALSE,FALSE,FALSE,FALSE,FALSE,FALSE,FALSE,FALSE,FALSE,1,7,1,1.73
Ra,88,-628275.2093,-81.13057971,628089.6126,81.1066132,246142.9634,31.78499011,-1491741.11,-192.6318582,-10766.6754,-1.390324819,-91504.72346,-11.81620912,237,,0,10,,0,0,0,5.278522761,0.09999966,10,226,221,0.9,5.3,2,0,0,0,2,0,0,0,0,0,38.73125,0,0,1,0,0,0,-3.094805381,-3.094805381,-3.094805381,0,-3.094805381,215,41.09,8000,973,2010,26.64477586,19,12.44444643,-4.027581151,-3.934404791,0.09317636,1,0,0,0,0,FALSE,FALSE,FALSE,FALSE,FALSE,FALSE,TRUE,FALSE,TRUE,FALSE,FALSE,FALSE,FALSE,FALSE,FALSE,FALSE,FALSE,FALSE,FALSE,FALSE,FALSE,FALSE,FALSE,FALSE,FALSE,2,7,0,0
Ac,89,-645358.7589,-81.47440461,645170.9296,81.45069178,252048.5096,31.82028905,-1531620.536,-193.3620169,-10957.66262,-1.383368592,-93691.80608,-11.82828003,172.237,543.281,3.154264182,11,812.3392,9.127406742,73.84901818,6.713547107,5.171770779,0.350001401,14,227,215,1.1,5.8,2,0,1,0,3,0,0,9,0,9,44.5125,0,0,0.666666667,0,0.333333333,0,-3.596488103,-3.749348065,-3.443628141,0.305719924,-3.545534782,195,22.55,14000,1252.417045,2441.61686,26.64477586,12,12.44444643,-4.027581151,-3.934404791,0.09317636,0,0,0,0,1,FALSE,FALSE,FALSE,FALSE,FALSE,FALSE,TRUE,FALSE,FALSE,TRUE,FALSE,FALSE,FALSE,FALSE,FALSE,FALSE,FALSE,FALSE,FALSE,FALSE,FALSE,FALSE,FALSE,FALSE,FALSE,3,7,1,1.73
Th,90,-662701.5354,-81.81500437,662511.4211,81.79153347,258063.3976,31.85967872,-1572126.074,-194.0896388,-11150.2803,-1.376577815,-95904.87234,-11.8401077,247.449,535.431,2.16380345,12,983.4988,10.92776444,81.95823333,6.829852778,6.083826547,0.607688249,16,232.03806,206,1.3,6.4,2,0,2,0,4,0,0,8,0,8,32.37,0,0,0.5,0,0.5,0,-4.201002654,-4.704739836,-3.697265472,1.007474364,-4.201002654,180,19.8,16000,1252.417045,2441.61686,26.64477586,54,12.44444643,-4.027581151,-3.934404791,0.09317636,0,0,0,0,1,FALSE,FALSE,FALSE,FALSE,FALSE,FALSE,TRUE,FALSE,FALSE,TRUE,FALSE,FALSE,FALSE,FALSE,FALSE,FALSE,FALSE,FALSE,FALSE,FALSE,FALSE,FALSE,FALSE,FALSE,FALSE,3,7,2,0
Pa,91,-680319.7964,-82.1543046,680126.8464,82.13100427,265125.2086,32.01608605,-1614211.254,-194.9295078,-11360.59754,-1.371887156,-98133.33731,-11.85042112,252.316,536.979,2.128200352,13,1178.644,12.95213187,90.66492308,6.974224852,5.886905415,0.549617243,18,231.03586,200,1.5,6.3,2,0,1,2,5,0,0,9,12,21,25.18,0,0,0.4,0,0.2,0.4,-5.342021432,-8.620920911,-3.528037861,5.09288305,-5.635004614,180,15.18,15000,1252.417045,2441.61686,26.64477586,47,12.44444643,-4.027581151,-3.934404791,0.09317636,0,0,0,0,1,FALSE,FALSE,FALSE,FALSE,FALSE,FALSE,TRUE,FALSE,FALSE,TRUE,FALSE,FALSE,FALSE,FALSE,FALSE,FALSE,FALSE,FALSE,FALSE,FALSE,FALSE,FALSE,FALSE,FALSE,FALSE,3,7,3,2.83
U,92,-698201.1197,-82.49068049,698005.5593,82.46757553,271885.1284,32.12253407,-1656526.08,-195.7143289,-11565.72701,-1.366461131,-100392.4677,-11.86111386,209.069,463.164,2.215364306,14,1403.8218,15.25893261,100.2729857,7.162356122,6.19368781,0.314970168,20,238.02891,196,1.38,7.5,2,0,1,3,6,0,0,9,11,20,20.025,0,0,0.333333333,0,0.166666667,0.5,-5.811272717,-9.974143149,-3.563276606,6.410866543,-6.824230176,175,12.49,14000,1252.417045,2441.61686,26.64477586,27,12.44444643,-4.027581151,-3.934404791,0.09317636,0,0,0,0,1,FALSE,FALSE,FALSE,FALSE,FALSE,FALSE,TRUE,FALSE,FALSE,TRUE,FALSE,FALSE,FALSE,FALSE,FALSE,FALSE,FALSE,FALSE,FALSE,FALSE,FALSE,FALSE,FALSE,FALSE,FALSE,3,7,4,3
