element,atomic_number,Etot,Ekin,Ecoul,Eenuc,Exc,e_1s,e_2s,e_2p,e_3s,e_3p,e_3d,e_4s,e_4p,e_4d,e_4f,e_5s,e_5p,e_5d,e_5f,e_6s,e_6p,e_6d,e_7s,occ_1s,occ_2s,occ_2p,occ_3s,occ_3p,occ_3d,occ_4s,occ_4p,occ_4d,occ_4f,occ_5s,occ_5p,occ_5d,occ_5f,occ_6s,occ_6p,occ_6d,occ_7s
H,1,-12.12732572,11.56557386,7.696114738,-25.06165952,-6.327327587,-6.353069558,0,0,0,0,0,0,0,0,0,0,0,0,0,0,0,0,0,1,0,0,0,0,0,0,0,0,0,0,0,0,0,0,0,0,0
D,1,-12.12732572,11.56557386,7.696114738,-25.06165952,-6.327327587,-6.353069558,0,0,0,0,0,0,0,0,0,0,0,0,0,0,0,0,0,1,0,0,0,0,0,0,0,0,0,0,0,0,0,0,0,0,0
He,2,-77.13981734,75.31899464,54.31719231,-180.2907811,-26.48522319,-15.522055,0,0,0,0,0,0,0,0,0,0,0,0,0,0,0,0,0,2,0,0,0,0,0,0,0,0,0,0,0,0,0,0,0,0,0
Li,3,-199.6008243,196.9419726,108.5939757,-460.1728685,-44.96390415,-51.11833059,-2.871889704,0,0,0,0,0,0,0,0,0,0,0,0,0,0,0,0,2,1,0,0,0,0,0,0,0,0,0,0,0,0,0,0,0,0
Be,4,-393.1285843,389.3792634,193.6160065,-907.6911362,-68.43271797,-104.9382892,-5.598579452,0,0,0,0,0,0,0,0,0,0,0,0,0,0,0,0,2,2,0,0,0,0,0,0,0,0,0,0,0,0,0,0,0,0
B,5,-662.4393746,657.455582,313.0126304,-1537.023914,-95.88367326,-178.6249817,-9.37979205,-3.717156995,0,0,0,0,0,0,0,0,0,0,0,0,0,0,0,2,2,1,0,0,0,0,0,0,0,0,0,0,0,0,0,0,0
C,6,-1018.406512,1012.002094,479.6822351,-2381.415678,-128.6751352,-270.6911968,-13.62925818,-5.420127181,0,0,0,0,0,0,0,0,0,0,0,0,0,0,0,2,2,2,0,0,0,0,0,0,0,0,0,0,0,0,0,0,0
N,7,-1470.095577,1462.114777,702.0495474,-3467.172221,-167.0876804,-381.2723656,-18.39900602,-7.246310523,0,0,0,0,0,0,0,0,0,0,0,0,0,0,0,2,2,3,0,0,0,0,0,0,0,0,0,0,0,0,0,0,0
O,8,-2026.515663,2016.823076,988.6196493,-4820.567224,-211.3911642,-510.43785,-23.71096794,-9.207816089,0,0,0,0,0,0,0,0,0,0,0,0,0,0,0,2,2,4,0,0,0,0,0,0,0,0,0,0,0,0,0,0,0
F,9,-2696.638799,2685.114314,1347.926494,-6467.842995,-261.8366389,-658.2268616,-29.57494004,-11.30921539,0,0,0,0,0,0,0,0,0,0,0,0,0,0,0,2,2,5,0,0,0,0,0,0,0,0,0,0,0,0,0,0,0
Ne,10,-3489.410781,3475.946206,1788.508852,-8435.208805,-318.6570338,-824.6643259,-35.99546663,-13.55219554,0,0,0,0,0,0,0,0,0,0,0,0,0,0,0,2,2,6,0,0,0,0,0,0,0,0,0,0,0,0,0,0,0
Na,11,-4393.007828,4378.218739,2169.631772,-10572.8854,-367.9729638,-1026.412809,-56.14800159,-28.86137586,-2.814065509,0,0,0,0,0,0,0,0,0,0,0,0,0,0,2,2,6,1,0,0,0,0,0,0,0,0,0,0,0,0,0,0
Mg,12,-5418.859293,5402.589578,2603.402848,-13004.29833,-420.5533622,-1250.993604,-79.01495397,-46.77555662,-4.773611855,0,0,0,0,0,0,0,0,0,0,0,0,0,0,2,2,6,2,0,0,0,0,0,0,0,0,0,0,0,0,0,0
Al,13,-6566.531264,6548.787154,3065.926834,-15706.5688,-474.6764557,-1500.872417,-107.0720973,-69.77048414,-7.80648412,-2.790391603,0,0,0,0,0,0,0,0,0,0,0,0,0,2,2,6,2,1,0,0,0,0,0,0,0,0,0,0,0,0,0
Si,14,-7842.277896,7822.939934,3585.584882,-18718.73097,-532.0717456,-1773.758593,-138.099309,-95.64633555,-10.83391411,-4.171315032,0,0,0,0,0,0,0,0,0,0,0,0,0,2,2,6,2,2,0,0,0,0,0,0,0,0,0,0,0,0,0
P,15,-9250.407868,9229.379997,4165.111026,-22052.11013,-592.7887566,-2069.749658,-172.2302787,-124.5360929,-13.9421347,-5.607722478,0,0,0,0,0,0,0,0,0,0,0,0,0,2,2,6,2,3,0,0,0,0,0,0,0,0,0,0,0,0,0
S,16,-10795.19451,10772.39306,4807.924052,-25718.60103,-656.9105924,-2388.885884,-209.5260414,-156.4996756,-17.16799012,-7.120566707,0,0,0,0,0,0,0,0,0,0,0,0,0,2,2,6,2,4,0,0,0,0,0,0,0,0,0,0,0,0,0
Cl,17,-12480.88813,12456.23772,5517.716382,-29730.31687,-724.5253633,-2731.185858,-250.0180263,-191.5676694,-20.52984804,-8.717983925,0,0,0,0,0,0,0,0,0,0,0,0,0,2,2,6,2,5,0,0,0,0,0,0,0,0,0,0,0,0,0
Ar,18,-14311.72506,14285.15632,6298.296412,-34099.45838,-795.7194111,-3096.659401,-293.7243835,-229.7576799,-24.03810323,-10.4037293,0,0,0,0,0,0,0,0,0,0,0,0,0,2,2,6,2,6,0,0,0,0,0,0,0,0,0,0,0,0,0
K,19,-16277.86731,16249.88148,7003.708062,-38670.21297,-861.243885,-3494.348995,-349.3670152,-279.8378417,-34.88219439,-18.8786067,0,-2.416779269,0,0,0,0,0,0,0,0,0,0,0,2,2,6,2,6,0,1,0,0,0,0,0,0,0,0,0,0,0
Ca,20,-18387.88427,18358.3613,7760.854163,-43578.03394,-929.0657889,-3916.675805,-409.4471438,-334.3021115,-46.4316319,-28.04329275,0,-3.84798934,0,0,0,0,0,0,0,0,0,0,0,2,2,6,2,6,0,2,0,0,0,0,0,0,0,0,0,0,0
Sc,21,-20644.71479,20613.31081,8668.343881,-48922.09446,-1004.275013,-4358.83166,-468.2117378,-387.4903034,-54.10652176,-33.55612912,-3.566868509,-4.257983297,0,0,0,0,0,0,0,0,0,0,0,2,2,6,2,6,1,2,0,0,0,0,0,0,0,0,0,0,0
Ti,22,-23055.58758,23022.20784,9666.364819,-54660.62311,-1083.537155,-4823.943205,-529.4764596,-443.1466497,-61.44350062,-38.72036042,-4.626207776,-4.54718591,0,0,0,0,0,0,0,0,0,0,0,2,2,6,2,6,2,2,0,0,0,0,0,0,0,0,0,0,0
V,23,-25624.38838,25588.96331,10752.93204,-60799.68233,-1166.601408,-5312.316049,-593.6258061,-501.6470484,-68.76056075,-43.82437293,-5.568374813,-4.788333215,0,0,0,0,0,0,0,0,0,0,0,2,2,6,2,6,3,2,0,0,0,0,0,0,0,0,0,0,0
Cr,24,-28355.08729,28317.33089,12023.84046,-67438.12931,-1258.129328,-5820.003699,-656.1605922,-558.5483428,-72.08527513,-45.01389147,-3.214290578,-4.093817004,0,0,0,0,0,0,0,0,0,0,0,2,2,6,2,6,5,1,0,0,0,0,0,0,0,0,0,0,0
Mn,25,-31250.89945,31211.2115,13199.8396,-74317.94195,-1344.008626,-6359.216937,-731.0786814,-627.6659169,-83.71955775,-54.19011514,-7.25292289,-5.201075522,0,0,0,0,0,0,0,0,0,0,0,2,2,6,2,6,5,2,0,0,0,0,0,0,0,0,0,0,0
Fe,26,-34316.09024,34274.19485,14566.14164,-81718.0374,-1438.389333,-6917.82841,-804.5008248,-695.2989739,-91.44715606,-59.52553327,-8.0286923,-5.387255826,0,0,0,0,0,0,0,0,0,0,0,2,2,6,2,6,6,2,0,0,0,0,0,0,0,0,0,0,0
Co,27,-37554.19644,37510.04746,16032.1111,-89559.75237,-1536.602654,-7499.91082,-881.0981015,-766.0575307,-99.37086683,-64.9885456,-8.772080161,-5.564646853,0,0,0,0,0,0,0,0,0,0,0,2,2,6,2,6,7,2,0,0,0,0,0,0,0,0,0,0,0
Ni,28,-40968.92426,40922.4781,17601.23082,-97853.94212,-1638.691068,-8105.478043,-960.8915188,-839.9618053,-107.5044862,-70.59063532,-9.488583173,-5.735180611,0,0,0,0,0,0,0,0,0,0,0,2,2,6,2,6,8,2,0,0,0,0,0,0,0,0,0,0,0
Cu,29,-44566.42365,44517.35986,19426.98354,-106759.2312,-1751.53587,-8729.100321,-1037.877918,-911.0711441,-110.4089208,-71.00114629,-5.504101519,-4.681882272,0,0,0,0,0,0,0,0,0,0,0,2,2,6,2,6,10,1,0,0,0,0,0,0,0,0,0,0,0
Zn,30,-48343.03723,48291.87424,21063.151,-115843.3909,-1854.671541,-9387.105274,-1130.124871,-997.2636999,-124.438785,-82.24268697,-10.85581927,-6.060656002,0,0,0,0,0,0,0,0,0,0,0,2,2,6,2,6,10,2,0,0,0,0,0,0,0,0,0,0,0
Ga,31,-52296.10622,52242.99849,22687.62874,-125269.7071,-1957.026382,-10072.85623,-1229.978305,-1090.995333,-142.6324267,-97.54373109,-20.0331314,-8.925851705,-2.76560203,0,0,0,0,0,0,0,0,0,0,2,2,6,2,6,10,2,1,0,0,0,0,0,0,0,0,0,0
Ge,32,-56431.17231,56376.06275,24379.92281,-135126.014,-2061.143866,-10783.68164,-1334.862226,-1189.685317,-162.2199172,-114.1469217,-30.40371723,-11.6062821,-4.078496993,0,0,0,0,0,0,0,0,0,0,2,2,6,2,6,10,2,2,0,0,0,0,0,0,0,0,0,0
As,33,-60750.37159,60693.2159,26142.42903,-145418.8114,-2167.20517,-11519.57731,-1444.73647,-1293.299201,-183.153174,-132.0221629,-41.98082872,-14.24978664,-5.374167149,0,0,0,0,0,0,0,0,0,0,2,2,6,2,6,10,2,3,0,0,0,0,0,0,0,0,0,0
Se,34,-65255.93665,65196.69385,27978.54921,-156155.8034,-2275.376335,-12280.50563,-1559.537554,-1401.777909,-205.3693933,-151.1188961,-54.7327646,-16.90501928,-6.688722008,0,0,0,0,0,0,0,0,0,0,2,2,6,2,6,10,2,4,0,0,0,0,0,0,0,0,0,0
Br,35,-69950.15276,69888.78365,29891.4984,-167344.6516,-2385.783242,-13066.43537,-1679.215244,-1515.074475,-228.822098,-171.3992157,-68.63010936,-19.59399405,-8.036447546,0,0,0,0,0,0,0,0,0,0,2,2,6,2,6,10,2,5,0,0,0,0,0,0,0,0,0,0
Kr,36,-74835.33783,74771.80474,31884.22585,-178992.8459,-2498.522519,-13877.34409,-1803.73267,-1633.154694,-253.4792875,-192.837135,-83.65076736,-22.32895606,-9.424391512,0,0,0,0,0,0,0,0,0,0,2,2,6,2,6,10,2,6,0,0,0,0,0,0,0,0,0,0
Rb,37,-79901.80823,79836.58692,33719.50258,-190852.2154,-2605.682373,-14720.193,-1939.932434,-1762.880896,-286.0967326,-222.1922886,-106.5464005,-30.88631117,-16.11376659,0,0,-2.323172101,0,0,0,0,0,0,0,2,2,6,2,6,10,2,6,0,0,1,0,0,0,0,0,0,0
Sr,38,-85156.7587,85089.75189,35618.46299,-203150.4631,-2714.51053,-15588.59144,-2081.44854,-1897.88374,-320.3211462,-253.1165869,-130.9819533,-39.601193,-22.97971636,0,0,-3.586270228,0,0,0,0,0,0,0,2,2,6,2,6,10,2,6,0,0,2,0,0,0,0,0,0,0
Y,39,-90600.87117,90531.85357,37676.98847,-215981.8797,-2827.83349,-16480.08576,-2225.594845,-2035.498795,-353.536235,-282.9964033,-154.3293499,-46.18109667,-27.8777931,-2.957632782,0,-4.101490615,0,0,0,0,0,0,0,2,2,6,2,6,10,2,6,1,0,2,0,0,0,0,0,0,0
Zr,40,-96239.53699,96168.41892,39843.89424,-229307.6467,-2944.203419,-17396.02796,-2373.841389,-2177.184184,-387.2297816,-313.323194,-178.0888085,-52.21786108,-32.28894929,-4.1000212,0,-4.418884224,0,0,0,0,0,0,0,2,2,6,2,6,10,2,6,2,0,2,0,0,0,0,0,0,0
Nb,41,-102075.248,102001.788,42218.49629,-243228.8164,-3066.715937,-18334.01244,-2523.607362,-2320.37409,-418.8846512,-341.5805859,-199.727194,-55.42123989,-34.01556617,-3.40828055,0,-3.925841116,0,0,0,0,0,0,0,2,2,6,2,6,10,2,6,4,0,1,0,0,0,0,0,0,0
Mo,42,-108111.1977,108035.5056,44598.84855,-257556.4386,-3189.113188,-19299.18913,-2680.42054,-2470.56369,-453.9279642,-373.1989922,-224.7040356,-60.81265906,-37.82518745,-4.172784447,0,-4.024019798,0,0,0,0,0,0,0,2,2,6,2,6,10,2,6,5,0,1,0,0,0,0,0,0,0
Tc,43,-114347.3841,114269.6394,46936.9403,-272244.2219,-3309.741971,-20292.67425,-2845.426849,-2628.89774,-493.4867346,-409.3065425,-254.1505379,-69.40840943,-44.71456622,-7.35420367,0,-4.996990125,0,0,0,0,0,0,0,2,2,6,2,6,10,2,6,5,0,2,0,0,0,0,0,0,0
Ru,44,-120790.8327,120710.5542,49655.36266,-287714.7935,-3441.956164,-21304.301,-3007.83926,-2784.640449,-526.9945363,-439.3337358,-277.43826,-71.52140079,-45.37631992,-5.724595381,0,-4.158825006,0,0,0,0,0,0,0,2,2,6,2,6,10,2,6,7,0,1,0,0,0,0,0,0,0
Rh,45,-127439.1133,127356.487,52334.61308,-303557.791,-3572.422353,-22344.26989,-3178.479033,-2948.562275,-565.0608439,-473.8944277,-305.2369224,-76.88590789,-49.15617195,-6.515004518,0,-4.207533387,0,0,0,0,0,0,0,2,2,6,2,6,10,2,6,8,0,1,0,0,0,0,0,0,0
Pd,46,-134298.216,134212.9385,55283.89961,-320084.157,-3710.897152,-23405.46323,-3349.859826,-3113.20806,-600.3076164,-505.6092711,-330.1338986,-78.61840243,-49.39451648,-4.374801778,0,0,0,0,0,0,0,0,0,2,2,6,2,6,10,2,6,10,0,0,0,0,0,0,0,0,0
Ag,47,-141364.001,141276.5812,58004.29333,-336803.3408,-3841.534636,-24499.07984,-3533.665366,-3290.219896,-644.3230949,-546.068031,-363.7564507,-87.7047469,-56.77933296,-8.12820434,0,-4.283262675,0,0,0,0,0,0,0,2,2,6,2,6,10,2,6,10,0,1,0,0,0,0,0,0,0
Cd,48,-148639.2308,148549.6765,60774.43544,-353990.2684,-3973.074314,-25618.88466,-3723.401736,-3473.128549,-690.6224795,-588.7869685,-399.6060643,-97.85402253,-65.17834502,-12.80377357,0,-5.55732699,0,0,0,0,0,0,0,2,2,6,2,6,10,2,6,10,0,2,0,0,0,0,0,0,0
In,49,-156120.133,156028.5682,63523.14298,-371567.9594,-4103.884781,-26766.41056,-3920.571822,-3663.437501,-740.7102604,-635.2709824,-439.1869576,-110.550039,-76.07846443,-19.87740064,0,-7.90482607,-2.769629315,0,0,0,0,0,0,2,2,6,2,6,10,2,6,10,0,2,1,0,0,0,0,0,0
Sn,50,-163811.2759,163717.6436,66347.50909,-389640.2337,-4236.195031,-27939.62196,-4123.177845,-3859.148539,-792.5579922,-683.4932323,-480.4789573,-123.7120777,-87.4029182,-27.34613703,0,-10.0504983,-3.930684743,0,0,0,0,0,0,2,2,6,2,6,10,2,6,10,0,2,2,0,0,0,0,0,0
Sb,51,-171714.086,171618.3452,69245.5381,-408207.9302,-4370.039078,-29138.59172,-4331.283833,-4060.327162,-846.2262746,-733.5151345,-523.5442142,-137.4077044,-99.22846965,-35.30236541,0,-12.12552977,-5.051059149,0,0,0,0,0,0,2,2,6,2,6,10,2,6,10,0,2,3,0,0,0,0,0,0
Te,52,-179830.0219,179732.1372,72218.18558,-427274.8598,-4505.485059,-30363.33061,-4544.894058,-4266.978919,-901.7169036,-785.3392469,-568.3860208,-151.644865,-111.5689694,-43.76627662,0,-14.1770506,-6.165936855,0,0,0,0,0,0,2,2,6,2,6,10,2,6,10,0,2,4,0,0,0,0,0,0
I,53,-188160.5614,188060.5002,75267.04087,-446845.5084,-4642.594119,-31613.83607,-4764.000902,-4479.097253,-959.0204367,-838.9567528,-614.9961866,-166.4196953,-124.4246623,-52.74053738,0,-16.22721086,-7.290039221,0,0,0,0,0,0,2,2,6,2,6,10,2,6,10,0,2,5,0,0,0,0,0,0
Xe,54,-196707.1956,196604.9274,78393.80912,-466924.5149,-4781.417305,-32890.10304,-4988.595276,-4696.673919,-1018.12637,-894.3577746,-663.3654325,-181.7268892,-137.7930721,-62.22335174,0,-18.28839174,-8.431039858,0,0,0,0,0,0,2,2,6,2,6,10,2,6,10,0,2,6,0,0,0,0,0,0
Cs,55,-205461.1422,205357.107,81314.2109,-487217.3145,-4915.145649,-34197.60465,-5224.092898,-4925.134214,-1084.416845,-956.9271191,-718.881232,-202.8871707,-156.9913582,-77.50853162,0,-24.92070454,-13.73911055,0,0,-2.141508886,0,0,0,2,2,6,2,6,10,2,6,10,0,2,6,0,0,1,0,0,0
Ba,56,-214428.7598,214322.8682,84303.99261,-508005.3727,-5050.247814,-35531.08413,-5465.255741,-5159.237553,-1152.65892,-1021.431928,-776.311815,-224.6860761,-176.8093019,-93.40147782,0,-31.4879005,-19.01001049,0,0,-3.237256988,0,0,0,2,2,6,2,6,10,2,6,10,0,2,6,0,0,2,0,0,0
La,57,-223611.6136,223503.6428,87485.09955,-529410.9825,-5189.373401,-36888.36598,-5709.796496,-5396.70479,-1220.601642,-1085.621057,-833.3948543,-244.917252,-195.0437063,-107.7029389,0,-36.05334525,-22.43573354,-3.839118429,0,-3.598243237,0,0,0,2,2,6,2,6,10,2,6,10,0,2,6,1,0,2,0,0,0
Ce,58,-233020.9043,232910.457,91208.03695,-551797.3451,-5342.053115,-38263.24408,-5950.717702,-5630.720126,-1279.895253,-1141.19879,-881.9909343,-256.6780403,-204.9590456,-114.085043,-9.182264598,-37.27219766,-23.13267156,-3.824560337,0,-3.645618261,0,0,0,2,2,6,2,6,10,2,6,10,1,2,6,1,0,2,0,0,0
Pr,59,-242662.0096,242548.722,95463.34298,-575166.1244,-5507.950161,-39656.18903,-6188.586606,-5861.83092,-1331.316909,-1188.9348,-922.8468443,-260.6156096,-207.1632223,-113.0423027,-4.221520039,-35.26884098,-21.17171022,0,0,-3.386865189,0,0,0,2,2,6,2,6,10,2,6,10,3,2,6,0,0,2,0,0,0
Nd,60,-252530.1281,252414.3002,99456.20215,-598733.8921,-5666.738369,-41081.00138,-6438.583299,-6104.92392,-1392.168888,-1246.042547,-972.9299177,-272.1381078,-216.8154276,-119.1049723,-4.884661522,-36.32540469,-21.72837355,0,0,-3.423083544,0,0,0,2,2,6,2,6,10,2,6,10,4,2,6,0,0,2,0,0,0
Pm,61,-262630.2626,262511.866,103580.591,-622894.2725,-5828.447311,-42530.8602,-6693.199587,-6352.637278,-1453.885618,-1304.000432,-1023.84019,-283.6176393,-226.4122032,-125.0858989,-5.44660386,-37.34123295,-22.25080496,0,0,-3.457288257,0,0,0,2,2,6,2,6,10,2,6,10,5,2,6,0,0,2,0,0,0
Sm,62,-272964.4656,272843.474,107836.5953,-647651.4915,-5993.043598,-44005.80284,-6952.477784,-6605.012328,-1516.521386,-1362.862144,-1075.629526,-295.0984224,-235.9957813,-131.0222261,-5.925551469,-38.32865252,-22.74836515,0,0,-3.490105189,0,0,0,2,2,6,2,6,10,2,6,10,6,2,6,0,0,2,0,0,0
Eu,63,-283534.7746,283411.1636,112224.9231,-673010.3511,-6160.510197,-45505.85488,-7216.446952,-6862.077504,-1580.11426,-1422.665342,-1128.334226,-306.6110157,-245.5951421,-136.9391244,-6.334076011,-39.29560913,-23.22695901,0,0,-3.521860876,0,0,0,2,2,6,2,6,10,2,6,10,7,2,6,0,0,2,0,0,0
Gd,64,-294336.1466,294210.2355,116293.9872,-698520.7841,-6319.585131,-47038.28786,-7493.012488,-7131.604081,-1653.483776,-1492.188665,-1190.622123,-326.1689003,-263.1304587,-150.5288988,-13.30669441,-43.76888891,-26.63311708,-3.461832558,0,-3.908289772,0,0,0,2,2,6,2,6,10,2,6,10,7,2,6,1,0,2,0,0,0
Tb,65,-305391.809,305262.8916,121403.0969,-725553.767,-6504.030383,-48581.35705,-7758.538012,-7390.356309,-1710.278157,-1545.201643,-1236.590509,-329.815226,-264.9201788,-148.7826625,-6.97457762,-41.18903181,-24.14275822,0,0,-3.583113707,0,0,0,2,2,6,2,6,10,2,6,10,9,2,6,0,0,2,0,0,0
Dy,66,-316682.5664,316550.9637,126195.7298,-752749.175,-6680.085195,-50156.83218,-8036.68853,-7661.597938,-1776.888338,-1607.973358,-1292.178935,-341.5369388,-274.674209,-154.7335206,-7.219235194,-42.12260005,-24.58521536,0,0,-3.61282854,0,0,0,2,2,6,2,6,10,2,6,10,10,2,6,0,0,2,0,0,0
Ho,67,-328217.4972,328083.1886,131126.1361,-780567.8127,-6859.009366,-51757.46913,-8319.59002,-7937.588416,-1844.537205,-1671.766998,-1348.759462,-353.3534017,-284.5032883,-160.7157534,-7.419919167,-43.05080764,-25.01986283,0,0,-3.642107992,0,0,0,2,2,6,2,6,10,2,6,10,11,2,6,0,0,2,0,0,0
Er,68,-339998.6057,339861.5719,136195.9815,-809015.3491,-7040.810216,-53383.27512,-8607.250754,-8218.335798,-1913.236431,-1736.594071,-1406.342918,-365.2733222,-294.4156071,-166.7362182,-7.580466346,-43.9755866,-25.44814284,0,0,-3.670952062,0,0,0,2,2,6,2,6,10,2,6,10,12,2,6,0,0,2,0,0,0
Tm,69,-352027.894,351888.1159,141406.9925,-838097.5057,-7225.496507,-55034.2561,-8899.677617,-8503.84686,-1982.99584,-1802.464211,-1464.938421,-377.3039659,-304.4178869,-172.8006566,-7.704087674,-44.89851519,-25.87117105,0,0,-3.699469594,0,0,0,2,2,6,2,6,10,2,6,10,13,2,6,0,0,2,0,0,0
Yb,70,-364307.3613,364164.8201,146760.9408,-867820.0443,-7413.078007,-56710.41711,-9196.876459,-8794.127343,-2053.823731,-1869.385636,-1524.553697,-389.451428,-314.5158962,-178.9138577,-7.793558712,-45.82087234,-26.28992707,0,0,-3.72766059,0,0,0,2,2,6,2,6,10,2,6,10,14,2,6,0,0,2,0,0,0
Lu,71,-376829.5457,376684.5947,151709.6095,-897633.0677,-7590.681963,-58419.72651,-9507.399628,-9097.607308,-2135.070618,-1946.669347,-1594.396265,-410.439407,-333.3640806,-193.5644953,-15.45867968,-50.94205523,-30.2588166,-2.821439794,0,-4.220812543,0,0,0,2,2,6,2,6,10,2,6,10,14,2,6,1,0,2,0,0,0
Hf,72,-389598.8517,389451.4525,156753.5693,-928034.2409,-7769.632665,-60154.90516,-9823.488044,-9406.623103,-2218.348725,-2025.959979,-1666.192446,-432.2154549,-352.9646326,-208.8919617,-23.71673676,-55.77866145,-33.91738748,-3.913133399,0,-4.529743411,0,0,0,2,2,6,2,6,10,2,6,10,14,2,6,2,0,2,0,0,0
Ta,73,-402616.5198,402466.6463,161890.2694,-959023.4043,-7950.031258,-61916.00966,-10145.18641,-9721.222402,-2303.674245,-2107.275384,-1739.964636,-454.7930686,-373.3350491,-224.9251826,-32.63589446,-60.51287121,-37.45728951,-4.96509838,0,-4.756931275,0,0,0,2,2,6,2,6,10,2,6,10,14,2,6,3,0,2,0,0,0
W,74,-415883.829,415731.4586,167122.3895,-990605.6859,-8131.991077,-63703.02222,-10472.46954,-10041.38175,-2391.004427,-2190.573791,-1815.673951,-478.1257438,-394.4318192,-241.628756,-42.20037019,-65.19897125,-40.93836052,-6.00291344,0,-4.936499213,0,0,0,2,2,6,2,6,10,2,6,10,14,2,6,4,0,2,0,0,0
Re,75,-429402.0974,429247.2085,172453.1366,-1022786.835,-8315.607416,-65515.91783,-10805.30697,-10367.072,-2480.295897,-2275.812805,-1893.28009,-502.1677655,-416.2116223,-258.965756,-52.38409543,-69.86109806,-44.38794795,-7.037925727,0,-5.084692423,0,0,0,2,2,6,2,6,10,2,6,10,14,2,6,5,0,2,0,0,0
Os,76,-443172.6749,443015.2467,177885.5508,-1055572.514,-8500.958589,-67354.67406,-11143.67209,-10698.26753,-2571.512028,-2362.956426,-1972.748848,-526.8812009,-438.6385937,-276.9052978,-63.16238947,-74.51274848,-47.82139903,-8.076094535,0,-5.210681141,0,0,0,2,2,6,2,6,10,2,6,10,14,2,6,6,0,2,0,0,0
Ir,77,-457196.9352,457036.948,183422.4032,-1088968.177,-8688.109306,-69219.27239,-11487.54314,-11034.94731,-2664.622779,-2451.975211,-2054.052225,-552.2357638,-461.6841072,-295.4229454,-74.5140002,-79.16265737,-51.24853707,-9.120957344,0,-5.320125336,0,0,0,2,2,6,2,6,10,2,6,10,14,2,6,7,0,2,0,0,0
Pt,78,-471480.1622,471317.3421,189346.3143,-1123261.261,-8882.557029,-71105.97903,-11833.08908,-11373.28542,-2755.829577,-2539.070178,-2133.380056,-574.4500783,-481.5679842,-310.7397722,-82.66952477,-80.28790261,-51.2732178,-7.445960464,0,-4.389414293,0,0,0,2,2,6,2,6,10,2,6,10,14,2,6,9,0,1,0,0,0
Au,79,-486016.8809,485851.4474,195120.4994,-1157914.887,-9073.941103,-73021.97935,-12187.67984,-11720.64342,-2852.420393,-2631.53153,-2218.04774,-600.7827,-505.5508755,-330.1235038,-94.88131464,-84.73451524,-54.4906649,-8.292343422,0,-4.417333175,0,0,0,2,2,6,2,6,10,2,6,10,14,2,6,10,0,1,0,0,0
Hg,80,-500805.8144,500638.0336,200683.8374,-1192866.823,-9260.862619,-74967.98509,-12552.03124,-12077.73776,-2955.099974,-2730.064803,-2308.763454,-631.9278731,-534.3278689,-354.2710513,-111.846716,-93.15779985,-61.5514754,-12.31456727,0,-5.58206214,0,0,0,2,2,6,2,6,10,2,6,10,14,2,6,10,0,2,0,0,0
Tl,81,-515845.0961,515675.1001,206179.115,-1228252.701,-9446.610099,-76942.0833,-12924.13955,-12442.56884,-3061.884501,-2832.686151,-2403.535461,-665.9037651,-565.9173222,-381.2001738,-131.5873794,-103.7165252,-70.71504578,-18.35527732,0,-7.755789308,-2.762146184,0,0,2,2,6,2,6,10,2,6,10,14,2,6,10,0,2,1,0,0
Pb,82,-531138.8617,530966.6009,211758.857,-1264230.875,-9633.444239,-78942.35565,-13302.1048,-12813.23728,-3170.857178,-2937.479785,-2500.452214,-700.7838098,-598.3937308,-408.9878428,-152.1805483,-114.472778,-80.04656483,-24.55536447,0,-9.719553419,-3.859418123,0,0,2,2,6,2,6,10,2,6,10,14,2,6,10,0,2,2,0,0
Bi,83,-546688.0274,546513.4683,217418.9614,-1300799.07,-9821.387243,-80968.86644,-13685.98734,-13189.80406,-3282.074086,-3044.502221,-2599.571103,-736.6214776,-631.8114084,-437.6901681,-173.6833123,-125.4971174,-89.62442856,-31.00487118,0,-11.59556081,-4.903437379,0,0,2,2,6,2,6,10,2,6,10,14,2,6,10,0,2,3,0,0
Po,84,-562493.5459,562316.6602,223159.7661,-1337959.473,-10010.49889,-83021.62425,-14075.79276,-13572.27536,-3395.536995,-3153.755692,-2700.895204,-773.416714,-666.1711169,-467.3094899,-196.0988278,-136.8038021,-99.46801148,-37.72744415,0,-13.42958103,-5.929061738,0,0,2,2,6,2,6,10,2,6,10,14,2,6,10,0,2,4,0,0
At,85,-578556.3913,578377.1534,228982.6329,-1375715.342,-10200.83498,-85100.62474,-14471.51453,-13960.64506,-3511.235973,-3265.230646,-2804.415671,-811.1582265,-701.4622985,-497.8367196,-219.4185504,-148.3941112,-109.5819123,-44.72893383,0,-15.24351925,-6.951230251,0,0,2,2,6,2,6,10,2,6,10,14,2,6,10,0,2,5,0,0
Rn,86,-594877.5535,594695.9401,234889.1225,-1414070.173,-10392.4427,-87205.86118,-14873.14398,-14354.9049,-3629.159291,-3378.915709,-2910.121865,-849.8334704,-737.6730616,-529.2612992,-243.6321943,-160.266439,-119.966893,-52.00991166,0,-17.04983828,-7.97783422,0,0,2,2,6,2,6,10,2,6,10,14,2,6,10,0,2,6,0,0
Fr,87,-611448.5473,611264.9834,240475.2907,-1452609.807,-10579.01398,-89342.1485,-15285.46424,-14759.84339,-3754.072833,-3499.578452,-3022.782909,-894.1937172,-779.5553579,-566.3359422,-273.4920648,-177.1329542,-135.329843,-64.24583802,0,-22.90785109,-12.68586663,0,-2.072854559,2,2,6,2,6,10,2,6,10,14,2,6,10,0,2,6,0,1
Ra,88,-628275.2093,628089.6126,246142.9634,-1491741.11,-10766.6754,-91504.72346,-15703.72387,-15170.7074,-3881.226035,-3622.468174,-3137.649055,-939.4901989,-822.3609637,-604.3138672,-304.2523056,-194.2658144,-150.9470834,-76.73210914,0,-28.60869093,-17.27035935,0,-3.094805381,2,2,6,2,6,10,2,6,10,14,2,6,10,0,2,6,0,2
Ac,89,-645358.7589,645170.9296,252048.5096,-1531620.536,-10957.66262,-93691.80608,-16126.09003,-15585.66706,-4008.800905,-3745.766884,-3252.896541,-983.9163788,-864.2838594,-641.3889728,-334.1075229,-209.8835446,-165.0400508,-87.69554945,0,-32.57148511,-20.25953013,-3.749348065,-3.443628141,2,2,6,2,6,10,2,6,10,14,2,6,10,0,2,6,1,2
Th,90,-662701.5354,662511.4211,258063.3976,-1572126.074,-11150.2803,-95904.87234,-16554.07289,-16006.23024,-4138.300573,-3870.977792,-3370.032117,-1028.973917,-906.8263039,-679.0651507,-364.5615268,-225.5023089,-179.1273855,-98.66111224,0,-36.29370342,-23.04589445,-4.704739836,-3.697265472,2,2,6,2,6,10,2,6,10,14,2,6,10,0,2,6,2,2
Pa,91,-680319.7964,680126.8464,265125.2086,-1614211.254,-11360.59754,-98133.33731,-16976.37927,-16421.26282,-4257.676951,-3986.078364,-3477.102717,-1062.999388,-938.3283271,-705.6761721,-383.8369299,-230.3025607,-182.5835309,-99.59171444,-8.620920911,-35.02736714,-21.76246942,-3.877105524,-3.528037861,2,2,6,2,6,10,2,6,10,14,2,6,10,2,2,6,1,2
U,92,-698201.1197,698005.5593,271885.1284,-1656526.08,-11565.72701,-100392.4677,-17409.26608,-16846.80188,-4384.246116,-4108.34734,-3591.286864,-1102.825348,-975.6185659,-738.060198,-408.9180184,-240.115694,-190.9720121,-105.2039812,-9.974143149,-36.08164509,-22.38239922,-3.896398397,-3.563276606,2,2,6,2,6,10,2,6,10,14,2,6,10,3,2,6,1,2
